{
    "resourceType": "Medication",
    "meta": {
        "profile": [
            "https://fhir.kemkes.go.id/r4/StructureDefinition/Medication"
        ]
    },
    "identifier": [
        {
            "system": "http://sys-ids.kemkes.go.id/medication/{{Org_id}}",
            "use": "official",
            "value": "123456789"
        }
    ],
    "code": {
        "coding": [
            {
                "system": "http://sys-ids.kemkes.go.id/kfa",
                "code": "93001819",
                "display": "Amlodipine Besilate 5 mg Tablet (HOLI PHARMA)"
            }
        ]
    },
    "status": "active",
    "form": {
        "coding": [
            {
                "system": "http://terminology.kemkes.go.id/CodeSystem/medication-form",
                "code": "BS077",
                "display": "Tablet Salut Selaput"
            }
        ]
    },
    "extension": [
        {
            "url": "https://fhir.kemkes.go.id/r4/StructureDefinition/MedicationType",
            "valueCodeableConcept": {
                "coding": [
                    {
                        "system": "http://terminology.kemkes.go.id/CodeSystem/medication-type",
                        "code": "NC",
                        "display": "Non-compound"
                    }
                ]
            }
        }
    ]
}