{
    "resourceType": "MedicationStatement",
    "status": "completed",
    "category": {
        "coding": [
            {
                "system": "http://terminology.hl7.org/CodeSystem/medication-statement-category",
                "code": "outpatient",
                "display": "Outpatient"
            }
        ]
    },
    "medicationReference": {
        "reference": "Medication/{{Medication_ForStatement}}"
    },
    "subject": {
        "reference": "Patient/{{Patient_Id}}",
        "display": "{{Patient_Name}}"
    },
    "dosage": [
        {
            "text": "one capsule one time daily",
            "timing": {
                "repeat": {
                    "frequency": 1,
                    "period": 1,
                    "periodUnit": "d"
                }
            }
        }
    ],
    "effectiveDateTime": "2023-01-23T18:00:00+00:00",
    "dateAsserted": "2023-08-31T01:00:00+00:00",
    "informationSource": {
        "reference": "Patient/{{Patient_Id}}",
        "display": "{{Patient_Name}}"
    },
    "context": {
        "reference": "Encounter/{{Encounter_uuid}}"
    }
}