{
    "resourceType": "Encounter",
    "identifier": [
        {
            "system": "http://sys-ids.kemkes.go.id/encounter/{{Org_id}}",
            "value": "{{Registration_ID}}"
        }
    ],
    "status": "arrived",
    "class": {
        "system": "http://terminology.hl7.org/CodeSystem/v3-ActCode",
        "code": "AMB",
        "display": "ambulatory"
    },
    "subject": {
        "reference": "Patient/{{Patient_Id}}",
        "display": "{{Patient_Name}}"
    },
    "participant": [
        {
            "type": [
                {
                    "coding": [
                        {
                            "system": "http://terminology.hl7.org/CodeSystem/v3-ParticipationType",
                            "code": "ATND",
                            "display": "attender"
                        }
                    ]
                }
            ],
            "individual": {
                "reference": "Practitioner/{{Practitioner_Id}}",
                "display": "{{Practitioner_Name}}"
            }
        }
    ],
    "period": {
        "start": "2023-08-31T00:00:00+00:00"
    },
    "location": [
        {
            "location": {
                "reference": "Location/{{Location_Poli_uuid}}",
                "display": "{{Location_Poli_Name}}"
            },
            "period": {
                "start": "2023-08-31T00:00:00+00:00"
            },
            "extension": [
                {
                    "url": "https://fhir.kemkes.go.id/r4/StructureDefinition/ServiceClass",
                    "extension": [
                        {
                            "url": "value",
                            "valueCodeableConcept": {
                                "coding": [
                                    {
                                        "system": "http://terminology.kemkes.go.id/CodeSystem/locationServiceClass-Outpatient",
                                        "code": "reguler",
                                        "display": "Kelas Reguler"
                                    }
                                ]
                            }
                        },
                        {
                            "url": "upgradeClassIndicator",
                            "valueCodeableConcept": {
                                "coding": [
                                    {
                                        "system": "http://terminology.kemkes.go.id/CodeSystem/locationUpgradeClass",
                                        "code": "kelas-tetap",
                                        "display": "Kelas Tetap Perawatan"
                                    }
                                ]
                            }
                        }
                    ]
                }
            ]
        }
    ],
    "statusHistory": [
        {
            "status": "arrived",
            "period": {
                "start": "2023-08-31T00:00:00+00:00"
            }
        }
    ],
    "serviceProvider": {
        "reference": "Organization/{{Org_id}}"
    }
}