{
    "resourceType": "DiagnosticReport",
    "identifier": [
        {
            "system": "http://sys-ids.kemkes.go.id/diagnostic/{{Org_id}}/lab",
            "use": "official",
            "value": "5234342"
        }
    ],
    "status": "final",
    "category": [
        {
            "coding": [
                {
                    "system": "http://terminology.hl7.org/CodeSystem/v2-0074",
                    "code": "MB",
                    "display": "Microbiology"
                }
            ]
        }
    ],
    "code": {
        "coding": [
            {
                "system": "http://loinc.org",
                "code": "11477-7",
                "display": "Microscopic observation [Identifier] in Sputum by Acid fast stain"
            }
        ]
    },
    "subject": {
        "reference": "Patient/{{Patient_Id}}"
    },
    "encounter": {
        "reference": "Encounter/{{Encounter_uuid}}"
    },
    "effectiveDateTime": "2023-08-31T15:25:00+00:00",
    "issued": "2023-08-31T15:25:00+00:00",
    "performer": [
        {
            "reference": "Practitioner/{{Practitioner_Id}}"
        },
        {
            "reference": "Organization/{{Org_id}}"
        }
    ],
    "result": [
        {
            "reference": "Observation/{{Observation_Ordinal}}"
        }
    ],
    "specimen": [
        {
            "reference": "Specimen/{{Specimen_Ordinal}}"
        }
    ],
    "basedOn": [
        {
            "reference": "ServiceRequest/{{ServiceRequest_Ordinal}}"
        }
    ],
    "conclusionCode": [
        {
            "coding": [
                {
                    "system": "http://snomed.info/sct",
                    "code": "260347006",
                    "display": "+"
                }
            ]
        }
    ]
}