{
    "resourceType": "Observation",
    "status": "final",
    "category": [
        {
            "coding": [
                {
                    "system": "http://terminology.hl7.org/CodeSystem/observation-category",
                    "code": "exam",
                    "display": "Exam"
                }
            ]
        }
    ],
    "code": {
        "coding": [
            {
                "system": "http://loinc.org",
                "code": "11400-9",
                "display": "Physical findings of Genitalia Narrative"
            }
        ]
    },
    "subject": {
        "reference": "Patient/{{Patient_Id}}",
        "display": "{{Patient_Name}}"
    },
    "encounter": {
        "reference": "Encounter/{{Encounter_uuid}}"
    },
    "effectiveDateTime": "2023-08-31T01:10:00+00:00",
    "issued": "2023-08-31T01:10:00+00:00",
    "performer": [
        {
            "reference": "Practitioner/{{Practitioner_Id}}",
            "display": "{{Practitioner_Name}}"
        }
    ],
    "valueString": "Pada vagina tidak ada jaringan parut, tanda inflamasi, atau keretakan kulit, tidak ada benjolan. Pada pemeriksaan dalam terdapat darah segar dan gumpalan darah di saluran vagina dan sebagian janin masuk ke peritoneum"
}