{
    "resourceType": "Medication",
    "meta": {
        "profile": [
            "https://fhir.kemkes.go.id/r4/StructureDefinition/Medication"
        ]
    },
    "identifier": [
        {
            "system": "http://sys-ids.kemkes.go.id/medication/{{Org_id}}",
            "use": "official",
            "value": "1234567890"
        }
    ],
    "status": "active",
    "form": {
        "coding": [
            {
                "system": "http://terminology.kemkes.go.id/CodeSystem/medication-form",
                "code": "BS019",
                "display": "Kapsul"
            }
        ]
    },
    "ingredient": [
        {
            "itemCodeableConcept": {
                "coding": [
                    {
                        "system": "http://sys-ids.kemkes.go.id/kfa",
                        "code": "91000260",
                        "display": "Gabapentin"
                    }
                ]
            },
            "isActive": true,
            "strength": {
                "numerator": {
                    "value": 200,
                    "system": "http://unitsofmeasure.org",
                    "code": "mg"
                },
                "denominator": {
                    "value": 1,
                    "system": "http://terminology.hl7.org/CodeSystem/v3-orderableDrugForm",
                    "code": "CAP"
                }
            }
        },
        {
            "itemCodeableConcept": {
                "coding": [
                    {
                        "system": "http://sys-ids.kemkes.go.id/kfa",
                        "code": "91000150",
                        "display": "Methylprednisolone"
                    }
                ]
            },
            "isActive": true,
            "strength": {
                "numerator": {
                    "value": 4,
                    "system": "http://unitsofmeasure.org",
                    "code": "mg"
                },
                "denominator": {
                    "value": 1,
                    "system": "http://terminology.hl7.org/CodeSystem/v3-orderableDrugForm",
                    "code": "CAP"
                }
            }
        },
        {
            "itemCodeableConcept": {
                "coding": [
                    {
                        "system": "http://sys-ids.kemkes.go.id/kfa",
                        "code": "91000107",
                        "display": "Ibuprofen"
                    }
                ]
            },
            "isActive": true,
            "strength": {
                "numerator": {
                    "value": 50,
                    "system": "http://unitsofmeasure.org",
                    "code": "mg"
                },
                "denominator": {
                    "value": 1,
                    "system": "http://terminology.hl7.org/CodeSystem/v3-orderableDrugForm",
                    "code": "CAP"
                }
            }
        }
    ],
    "extension": [
        {
            "url": "https://fhir.kemkes.go.id/r4/StructureDefinition/MedicationType",
            "valueCodeableConcept": {
                "coding": [
                    {
                        "system": "http://terminology.kemkes.go.id/CodeSystem/medication-type",
                        "code": "SD",
                        "display": "Gives of such doses"
                    }
                ]
            }
        }
    ]
}