{
    "resourceType": "Procedure",
    "status": "completed",
    "category": {
        "coding": [
            {
                "system": "http://snomed.info/sct",
                "code": "409063005",
                "display": "Counselling"
            }
        ],
        "text": "Counselling"
    },
    "code": {
        "coding": [
            {
                "system": "http://hl7.org/fhir/sid/icd-9-cm",
                "code": "94.4",
                "display": "Other psychotherapy and counselling"
            }
        ]
    },
    "subject": {
        "reference": "Patient/{{Patient_Id}}",
        "display": "{{Patient_Name}}"
    },
    "encounter": {
        "reference": "Encounter/{{Encounter_uuid}}",
        "display": "Konseling {{Patient_Name}} pada Selasa tanggal 31 Agustus 2023"
    },
    "performedPeriod": {
        "start": "2023-08-31T02:27:00+00:00",
        "end": "2023-08-31T02:27:00+00:00"
    },
    "performer": [
        {
            "actor": {
                "reference": "Practitioner/{{Practitioner_Id}}",
                "display": "{{Practitioner_Name}}"
            }
        }
    ],
    "reasonCode": [
        {
            "coding": [
                {
                    "system": "http://hl7.org/fhir/sid/icd-10",
                    "code": "A15.0",
                    "display": "Tuberculosis of lung, confirmed by sputum microscopy with or without culture"
                }
            ]
        }
    ],
    "note": [
        {
            "text": "Konseling keresahan pasien karena diagnosis TB"
        }
    ]
}