{
    "resourceType": "Procedure",
    "status": "completed",
    "category": {
        "coding": [
            {
                "system": "http://snomed.info/sct",
                "code": "277132007",
                "display": "Therapeutic procedure"
            }
        ],
        "text": "Therapeutic procedure"
    },
    "code": {
        "coding": [
            {
                "system": "http://hl7.org/fhir/sid/icd-9-cm",
                "code": "93.94",
                "display": "Respiratory medication administered by nebulizer"
            }
        ]
    },
    "subject": {
        "reference": "Patient/{{Patient_Id}}",
        "display": "{{Patient_Name}}"
    },
    "encounter": {
        "reference": "Encounter/{{Encounter_uuid}}",
        "display": "Tindakan Nebulisasi {{Patient_Name}} pada Selasa tanggal 31 Agustus 2023"
    },
    "performedPeriod": {
        "start": "2023-08-31T02:27:00+00:00",
        "end": "2023-08-31T02:27:00+00:00"
    },
    "performer": [
        {
            "actor": {
                "reference": "Practitioner/{{Practitioner_Id}}",
                "display": "{{Practitioner_Name}}"
            }
        }
    ],
    "reasonCode": [
        {
            "coding": [
                {
                    "system": "http://hl7.org/fhir/sid/icd-10",
                    "code": "A15.0",
                    "display": "Tuberculosis of lung, confirmed by sputum microscopy with or without culture"
                }
            ]
        }
    ],
    "bodySite": [
        {
            "coding": [
                {
                    "system": "http://snomed.info/sct",
                    "code": "74101002",
                    "display": "Both lungs"
                }
            ]
        }
    ],
    "usedCode": [
        {
            "coding": [
                {
                    "system": "http://snomed.info/sct",
                    "code": "334947002",
                    "display": "Nebulizer (physical object) "
                }
            ]
        },
        {
            "coding": [
                {
                    "system": "sys-ids.kemkes.go.id/kfa",
                    "code": "93000453",
                    "display": "Salbutamol 100 mcg Cairan Inhalasi (SUPRASMA)"
                }
            ]
        }
    ],
    "note": [
        {
            "text": "Nebulisasi untuk melegakan sesak napas"
        }
    ]
}