{
    "resourceType": "Condition",
    "clinicalStatus": {
        "coding": [
            {
                "system": "http://terminology.hl7.org/CodeSystem/condition-clinical",
                "code": "active",
                "display": "Active"
            }
        ]
    },
    "category": [
        {
            "coding": [
                {
                    "system": "http://terminology.hl7.org/CodeSystem/condition-category",
                    "code": "problem-list-item",
                    "display": "Problem List Item"
                }
            ]
        }
    ],
    "code": {
        "coding": [
            {
                "system": "http://snomed.info/sct",
                "code": "472969004",
                "display": "History of diabetes mellitus type 2"
            }
        ]
    },
    "subject": {
        "reference": "Patient/{{Patient_Id}}",
        "display": "{{Patient_Name}}"
    },
    "encounter": {
        "reference": "Encounter/{{Encounter_uuid}}"
    },
    "onsetPeriod": {
        "start": "2021-01-31T00:00:00+00:00",
        "end": "2021-04-01T00:00:00+00:00"
    },
    "recordedDate": "2023-08-31T01:00:00+00:00",
    "recorder": {
        "reference": "Practitioner/{{Practitioner_Id}}",
        "display": "{{Practitioner_Name}}"
    },
    "note": [
        {
            "text": "Gula Darah Tinggi >140 secara konsisten selama 3 bulan 2 tahun yll"
        }
    ]
}