{
    "resourceType": "MedicationStatement",
    "status": "completed",
    "category": {
        "coding": [
            {
                "system": "http://terminology.hl7.org/CodeSystem/medication-statement-category",
                "code": "outpatient",
                "display": "Outpatient"
            }
        ]
    },
    "medicationReference": {
        "reference": "Medication/d795a027-a29d-4212-9595-ae6f9cedfe13",
        "display": "Paracetamol 120 mg/5 mL Sirup (CASETAMOL)"
    },
    "subject": {
        "reference": "Patient/{{Patient_Id}}",
        "display": "{{Patient_Name}}"
    },
    "dosage": [
        {
            "text": "Parasetamol 5 ml diminum 4-6 jam sekali bila demam",
            "timing": {
                "repeat": {
                    "frequency": 1,
                    "period": 4,
                    "periodMax": 6,
                    "periodUnit": "h"
                }
            }
        }
    ],
    "effectiveDateTime": "2023-01-23T18:00:00+00:00",
    "dateAsserted": "2023-08-31T01:00:00+00:00",
    "informationSource": {
        "reference": "Patient/{{Patient_Id}}",
        "display": "{{Patient_Name}}"
    },
    "context": {
        "reference": "Encounter/{{Encounter_uuid}}"
    }
}