{
    "resourceType": "CarePlan",
    "status": "active",
    "intent": "plan",
    "title": "Rencana Rawat Pasien",
    "description": "Rencana Rawat Pasien",
    "category": [
        {
            "coding": [
                {
                    "system": "http://snomed.info/sct",
                    "code": "736271009",
                    "display": "Outpatient care plan"
                }
            ]
        }
    ],
    "subject": {
        "reference": "Patient/{{Patient_Id}}",
        "display": "{{Patient_Name}}"
    },
    "encounter": {
        "reference": "Encounter/{{Encounter_uuid}}"
    },
    "created": "2023-08-31T01:20:00+00:00",
    "author": {
        "reference": "Practitioner/{{Practitioner_Id}}",
        "display": "{{Practitioner_Name}}"
    }
}