{
    "resourceType": "DiagnosticReport",
    "identifier": [
        {
            "system": "http://sys-ids.kemkes.go.id/diagnostic/{{Org_id}}/rad",
            "use": "official",
            "value": "52343522"
        }
    ],
    "status": "final",
    "category": [
        {
            "coding": [
                {
                    "system": "http://terminology.hl7.org/CodeSystem/v2-0074",
                    "code": "RAD",
                    "display": "Radiology"
                }
            ]
        }
    ],
    "code": {
        "coding": [
            {
                "system": "http://loinc.org",
                "code": "24648-8",
                "display": "XR Chest PA upr"
            }
        ]
    },
    "subject": {
        "reference": "Patient/{{Patient_Id}}"
    },
    "encounter": {
        "reference": "Encounter/{{Encounter_uuid}}"
    },
    "effectiveDateTime": "2023-08-31T05:00:00+00:00",
    "issued": "2023-08-31T05:00:00+00:00",
    "performer": [
        {
            "reference": "Practitioner/{{Practitioner_Id}}"
        },
        {
            "reference": "Organization/{{Org_id}}"
        }
    ],
    "imagingStudy": [
        {
            "reference": "ImagingStudy/{{ImagingStudy_uuid}}"
        }
    ],
    "result": [
        {
            "reference": "Observation/{{Observation_Rad}}"
        }
    ],
    "basedOn": [
        {
            "reference": "ServiceRequest/{{ServiceRequest_Rad}}"
        }
    ],
    "conclusion": "Active Tuberculosis indicated"
}