{
    "resourceType": "Observation",
    "identifier": [
        {
            "system": "http://sys-ids.kemkes.go.id/observation/{{Org_id}}",
            "value": "O111111"
        }
    ],
    "status": "final",
    "category": [
        {
            "coding": [
                {
                    "system": "http://terminology.hl7.org/CodeSystem/observation-category",
                    "code": "laboratory",
                    "display": "Laboratory"
                }
            ]
        }
    ],
    "code": {
        "coding": [
            {
                "system": "http://loinc.org",
                "code": "2093-3",
                "display": "Cholesterol [Mass/volume] in Serum or Plasma"
            }
        ]
    },
    "subject": {
        "reference": "Patient/{{Patient_Id}}"
    },
    "encounter": {
        "reference": "Encounter/{{Encounter_uuid}}"
    },
    "effectiveDateTime": "2023-08-31T15:25:00+00:00",
    "issued": "2023-08-31T15:25:00+00:00",
    "performer": [
        {
            "reference": "Practitioner/{{Practitioner_Id}}"
        },
        {
            "reference": "Organization/{{Org_id}}"
        }
    ],
    "specimen": {
        "reference": "Specimen/{{Specimen_Kuantitatif}}"
    },
    "basedOn": [
        {
            "reference": "ServiceRequest/{{ServiceRequest_Kuantitatif}}"
        }
    ],
    "valueQuantity": {
        "value": 240,
        "unit": "mg/dL",
        "system": "http://unitsofmeasure.org",
        "code": "mg/dL"
    },
    "interpretation": [
        {
            "coding": [
                {
                    "system": "http://terminology.hl7.org/CodeSystem/v3-ObservationInterpretation",
                    "code": "H",
                    "display": "High"
                }
            ]
        }
    ],
    "referenceRange": [
        {
            "high": {
                "value": 200,
                "unit": "mg/dL",
                "system": "http://unitsofmeasure.org",
                "code": "mg/dL"
            },
            "text": "Normal"
        },
        {
            "low": {
                "value": 201,
                "unit": "mg/dL",
                "system": "http://unitsofmeasure.org",
                "code": "mg/dL"
            },
            "high": {
                "value": 239,
                "unit": "mg/dL",
                "system": "http://unitsofmeasure.org",
                "code": "mg/dL"
            },
            "text": "Borderline high"
        },
        {
            "low": {
                "value": 240,
                "unit": "mg/dL",
                "system": "http://unitsofmeasure.org",
                "code": "mg/dL"
            },
            "text": "High"
        }
    ]
}