{
    "resourceType": "AllergyIntolerance",
    "identifier": [
        {
            "system": "http://sys-ids.kemkes.go.id/allergy/{{Org_id}}",
            "use": "official",
            "value": "2024011234"
        }
    ],
    "clinicalStatus": {
        "coding": [
            {
                "system": "http://terminology.hl7.org/CodeSystem/allergyintolerance-clinical",
                "code": "active",
                "display": "Active"
            }
        ]
    },
    "verificationStatus": {
        "coding": [
            {
                "system": "http://terminology.hl7.org/CodeSystem/allergyintolerance-verification",
                "code": "confirmed",
                "display": "Confirmed"
            }
        ]
    },
    "category": [
        "medication"
    ],
    "code": {
        "coding": [
            {
                "system": "http://sys-ids.kemkes.go.id/kfa",
                "code": "93000359",
                "display": "Azithromycin 500 mg Tablet Salut Selaput (KIMIA FARMA)"
            }
        ],
        "text": "sempat gatal2 setelah minum Azitromicin 500mg, membawa bungkus azitromisin kimia farma"
    },
    "patient": {
        "reference": "Patient/{{Patient_Id}}",
        "display": "{{Patient_Name}}"
    },
    "encounter": {
        "reference": "Encounter/{{Encounter_uuid}}",
        "display": "Kunjungan {{Patient_Name}}"
    },
    "recordedDate": "2023-08-31T01:05:00+00:00",
    "recorder": {
        "reference": "Practitioner/{{Practitioner_Id}}",
        "display": "{{Practitioner_Name}}"
    }
}