{
    "resourceType": "DiagnosticReport",
    "identifier": [
        {
            "system": "http://sys-ids.kemkes.go.id/diagnostic/{{Org_id}}/lab",
            "use": "official",
            "value": "5234342"
        }
    ],
    "status": "final",
    "category": [
        {
            "coding": [
                {
                    "system": "http://terminology.hl7.org/CodeSystem/v2-0074",
                    "code": "CH",
                    "display": "Chemistry"
                }
            ]
        }
    ],
    "code": {
        "coding": [
            {
                "system": "http://loinc.org",
                "code": "55231-5",
                "display": "Electrolytes panel - Blood"
            }
        ]
    },
    "subject": {
        "reference": "Patient/{{Patient_Id}}"
    },
    "encounter": {
        "reference": "Encounter/{{Encounter_uuid}}"
    },
    "effectiveDateTime": "2023-08-31T15:25:00+00:00",
    "issued": "2023-08-31T15:25:00+00:00",
    "performer": [
        {
            "reference": "Practitioner/{{Practitioner_Id}}"
        },
        {
            "reference": "Organization/{{Org_id}}"
        }
    ],
    "result": [
        {
            "id": "1",
            "reference": "Observation/{{Observation_Natrium}}"
        },
        {
            "id": "2",
            "reference": "Observation/{{Observation_Chloride}}"
        },
        {
            "id": "3",
            "reference": "Observation/{{Observation_Kalium}}"
        }
    ],
    "specimen": [
        {
            "reference": "Specimen/{{Specimen_Paket}}"
        }
    ],
    "basedOn": [
        {
            "reference": "ServiceRequest/{{ServiceRequest_Paket}}"
        }
    ],
    "conclusion": "Hipernatremia, Hiperkloremia, Hipokalemia"
}