{
    "resourceType": "Observation",
    "identifier": [
        {
            "system": "http://sys-ids.kemkes.go.id/observation/{{Org_id}}",
            "value": "O111111"
        }
    ],
    "status": "final",
    "category": [
        {
            "coding": [
                {
                    "system": "http://terminology.hl7.org/CodeSystem/observation-category",
                    "code": "laboratory",
                    "display": "Laboratory"
                }
            ]
        }
    ],
    "code": {
        "coding": [
            {
                "system": "http://loinc.org",
                "code": "2069-3",
                "display": "Chloride [Moles/volume] in Blood"
            }
        ]
    },
    "subject": {
        "reference": "Patient/{{Patient_Id}}"
    },
    "encounter": {
        "reference": "Encounter/{{Encounter_uuid}}"
    },
    "effectiveDateTime": "2023-08-31T15:25:00+00:00",
    "issued": "2023-08-31T15:25:00+00:00",
    "performer": [
        {
            "reference": "Practitioner/{{Practitioner_Id}}"
        },
        {
            "reference": "Organization/{{Org_id}}"
        }
    ],
    "specimen": {
        "reference": "Specimen/{{Specimen_Paket}}"
    },
    "basedOn": [
        {
            "reference": "ServiceRequest/{{ServiceRequest_Paket}}"
        }
    ],
    "valueQuantity": {
        "value": 107,
        "unit": "mmol/L",
        "system": "http://unitsofmeasure.org",
        "code": "mmol/L"
    },
    "interpretation": [
        {
            "coding": [
                {
                    "system": "http://terminology.hl7.org/CodeSystem/v3-ObservationInterpretation",
                    "code": "H",
                    "display": "High"
                }
            ]
        }
    ],
    "referenceRange": [
        {
            "low": {
                "value": 96,
                "unit": "mmol/L",
                "system": "http://unitsofmeasure.org",
                "code": "mmol/L"
            },
            "high": {
                "value": 106,
                "unit": "mmol/L",
                "system": "http://unitsofmeasure.org",
                "code": "mmol/L"
            }
        }
    ]
}