{
    "resourceType": "ServiceRequest",
    "identifier": [
        {
            "system": "http://sys-ids.kemkes.go.id/servicerequest/{{Org_id}}",
            "value": "00001"
        }
    ],
    "status": "active",
    "intent": "original-order",
    "priority": "routine",
    "category": [
        {
            "coding": [
                {
                    "system": "http://snomed.info/sct",
                    "code": "108252007",
                    "display": "Laboratory procedure"
                }
            ]
        }
    ],
    "code": {
        "coding": [
            {
                "system": "http://loinc.org",
                "code": "55231-5",
                "display": "Electrolytes panel - Blood"
            }
        ],
        "text": "Panel Elektrolit - Na, K, Cl"
    },
    "subject": {
        "reference": "Patient/{{Patient_Id}}"
    },
    "encounter": {
        "reference": "Encounter/{{Encounter_uuid}}",
        "display": "Permintaan Pemeriksaan Elektrolit Total Selasa, 31 Agustus 2023 pukul 09:30 WIB"
    },
    "occurrenceDateTime": "2023-08-31T16:30:00+00:00",
    "authoredOn": "2023-08-31T19:30:00+00:00",
    "requester": {
        "reference": "Practitioner/{{Practitioner_Id}}",
        "display": "{{Practitioner_Name}}"
    },
    "performer": [
        {
            "reference": "Practitioner/N10000005",
            "display": "Fatma"
        }
    ],
    "reasonCode": [
        {
            "text": "Periksa Keseimbangan Elektrolit"
        }
    ]
}