{
    "resourceType": "Specimen",
    "identifier": [
        {
            "system": "http://sys-ids.kemkes.go.id/specimen/{{Org_id}}",
            "value": "00001",
            "assigner": {
                "reference": "Organization/{{Org_id}}"
            }
        }
    ],
    "status": "available",
    "type": {
        "coding": [
            {
                "system": "http://snomed.info/sct",
                "code": "119297000",
                "display": "Blood specimen (specimen)"
            }
        ]
    },
    "collection": {
        "method": {
            "coding": [
                {
                    "system": "http://snomed.info/sct",
                    "code": "82078001",
                    "display": "Collection of blood specimen for laboratory (procedure)"
                }
            ]
        },
        "collectedDateTime": "2023-08-31T15:15:00+00:00"
    },
    "subject": {
        "reference": "Patient/{{Patient_Id}}",
        "display": "{{Patient_Name}}"
    },
    "request": [
        {
            "reference": "ServiceRequest/{{ServiceRequest_Paket}}"
        }
    ],
    "receivedTime": "2023-08-31T15:25:00+00:00"
}