{
    "resourceType": "Condition",
    "clinicalStatus": {
        "coding": [
            {
                "system": "http://terminology.hl7.org/CodeSystem/condition-clinical",
                "code": "active",
                "display": "Active"
            }
        ]
    },
    "category": [
        {
            "coding": [
                {
                    "system": "http://terminology.hl7.org/CodeSystem/condition-category",
                    "code": "encounter-diagnosis",
                    "display": "Encounter Diagnosis"
                }
            ]
        }
    ],
    "code": {
        "coding": [
            {
                "system": "http://hl7.org/fhir/sid/icd-10",
                "code": "E11.9",
                "display": "Type 2 diabetes mellitus, Type 2 diabetes mellitus"
            }
        ]
    },
    "subject": {
        "reference": "Patient/{{Patient_Id}}",
        "display": "{{Patient_Name}}"
    },
    "encounter": {
        "reference": "Encounter/{{Encounter_uuid}}",
        "display": "Kunjungan {{Patient_Name}} di hari Kamis, 31 Agustus 2023"
    },
    "onsetDateTime": "2023-08-31T04:10:00+00:00",
    "recordedDate": "2023-08-31T04:10:00+00:00"
}