{
    "resourceType": "Condition",
    "clinicalStatus": {
        "coding": [
            {
                "system": "http://terminology.hl7.org/CodeSystem/condition-clinical",
                "code": "active",
                "display": "Active"
            }
        ]
    },
    "category": [
        {
            "coding": [
                {
                    "system": "http://terminology.hl7.org/CodeSystem/condition-category",
                    "code": "encounter-diagnosis",
                    "display": "Encounter Diagnosis"
                }
            ]
        }
    ],
    "code": {
        "coding": [
            {
                "system": "http://hl7.org/fhir/sid/icd-10",
                "code": "A15.0",
                "display": "Tuberculosis of lung, confirmed by sputum microscopy with or without culture"
            }
        ]
    },
    "subject": {
        "reference": "Patient/{{Patient_Id}}",
        "display": "{{Patient_Name}}"
    },
    "encounter": {
        "reference": "Encounter/{{Encounter_uuid}}"
    },
    "onsetDateTime": "2023-08-31T04:10:00+00:00",
    "recordedDate": "2023-08-31T04:10:00+00:00"
}