{
    "resourceType": "ServiceRequest",
    "identifier": [
        {
            "system": "urn:dicom:uid",
            "value": "urn:oid:2.25.360.1.100025594.20231115"
        },
        {
            "system": "http://sys-ids.kemkes.go.id/servicerequest/{{Org_id}}",
            "value": "{{Rad_SRID_CXR}}"
        },
        {
            "use": "usual",
            "type": {
                "coding": [
                    {
                        "system": "http://terminology.hl7.org/CodeSystem/v2-0203",
                        "code": "ACSN"
                    }
                ]
            },
            "system": "http://sys-ids.kemkes.go.id/acsn/{{Org_id}}",
            "value": "{{ACSN}}"
        }
    ],
    "status": "active",
    "intent": "original-order",
    "priority": "routine",
    "code": {
        "coding": [
            {
                "system": "http://loinc.org",
                "code": "24648-8",
                "display": "XR Chest PA upr"
            }
        ],
        "text": "Pemeriksaan CXR PA"
    },
    "orderDetail": [
        {
            "coding": [
                {
                    "system": "http://dicom.nema.org/resources/ontology/DCM",
                    "code": "RG"
                }
            ],
            "text": "Modality Code: RG"
        },
        {
            "coding": [
                {
                    "system": "http://sys-ids.kemkes.go.id/ae-title",
                    "display": "XR0001"
                }
            ]
        }
    ],
    "subject": {
        "reference": "Patient/{{Patient_Id}}"
    },
    "encounter": {
        "reference": "Encounter/{{Encounter_uuid}}",
        "display": "Permintaan pemeriksaan CXR PA untuk tuberculosis"
    },
    "occurrenceDateTime": "2023-08-31T02:05:00+00:00",
    "requester": {
        "reference": "Practitioner/{{Practitioner_Id}}",
        "display": "{{Practitioner_Name}}"
    },
    "performer": [
        {
            "reference": "Practitioner/10012572188",
            "display": "Dokter Radiologist"
        }
    ],
    "reasonCode": [
        {
            "text": "Periksa rutin"
        }
    ]
}