{
    "resourceType": "QuestionnaireResponse",
    "questionnaire": "https://fhir.kemkes.go.id/Questionnaire/Q0007",
    "status": "completed",
    "subject": {
        "reference": "Patient/{{Patient_Id}}",
        "display": "{{Patient_Name}}"
    },
    "encounter": {
        "reference": "Encounter/{{Encounter_uuid}}"
    },
    "authored": "2023-08-31T03:00:00+00:00",
    "author": {
        "reference": "Practitioner/10009880728",
        "display": "Apoteker A"
    },
    "source": {
        "reference": "Patient/{{Patient_Id}}"
    },
    "item": [
        {
            "linkId": "1",
            "text": "Persyaratan Administrasi",
            "item": [
                {
                    "linkId": "1.1",
                    "text": "Apakah nama, umur, jenis kelamin, berat badan dan tinggi badan pasien sudah sesuai?",
                    "answer": [
                        {
                            "valueCoding": {
                                "system": "http://terminology.kemkes.go.id/CodeSystem/clinical-term",
                                "code": "OV000052",
                                "display": "Sesuai"
                            }
                        }
                    ]
                },
                {
                    "linkId": "1.2",
                    "text": "Apakah nama, nomor ijin, alamat dan paraf dokter sudah sesuai?",
                    "answer": [
                        {
                            "valueCoding": {
                                "system": "http://terminology.kemkes.go.id/CodeSystem/clinical-term",
                                "code": "OV000052",
                                "display": "Sesuai"
                            }
                        }
                    ]
                },
                {
                    "linkId": "1.3",
                    "text": "Apakah tanggal resep sudah sesuai?",
                    "answer": [
                        {
                            "valueCoding": {
                                "system": "http://terminology.kemkes.go.id/CodeSystem/clinical-term",
                                "code": "OV000052",
                                "display": "Sesuai"
                            }
                        }
                    ]
                },
                {
                    "linkId": "1.4",
                    "text": "Apakah ruangan/unit asal resep sudah sesuai?",
                    "answer": [
                        {
                            "valueCoding": {
                                "system": "http://terminology.kemkes.go.id/CodeSystem/clinical-term",
                                "code": "OV000052",
                                "display": "Sesuai"
                            }
                        }
                    ]
                },
                {
                    "linkId": "2",
                    "text": "Persyaratan Farmasetik",
                    "item": [
                        {
                            "linkId": "2.1",
                            "text": "Apakah nama obat, bentuk dan kekuatan sediaan sudah sesuai?",
                            "answer": [
                                {
                                    "valueCoding": {
                                        "system": "http://terminology.kemkes.go.id/CodeSystem/clinical-term",
                                        "code": "OV000052",
                                        "display": "Sesuai"
                                    }
                                }
                            ]
                        },
                        {
                            "linkId": "2.2",
                            "text": "Apakah dosis dan jumlah obat sudah sesuai?",
                            "answer": [
                                {
                                    "valueCoding": {
                                        "system": "http://terminology.kemkes.go.id/CodeSystem/clinical-term",
                                        "code": "OV000052",
                                        "display": "Sesuai"
                                    }
                                }
                            ]
                        },
                        {
                            "linkId": "2.3",
                            "text": "Apakah stabilitas obat sudah sesuai?",
                            "answer": [
                                {
                                    "valueCoding": {
                                        "system": "http://terminology.kemkes.go.id/CodeSystem/clinical-term",
                                        "code": "OV000052",
                                        "display": "Sesuai"
                                    }
                                }
                            ]
                        },
                        {
                            "linkId": "2.4",
                            "text": "Apakah aturan dan cara penggunaan obat sudah sesuai?",
                            "answer": [
                                {
                                    "valueCoding": {
                                        "system": "http://terminology.kemkes.go.id/CodeSystem/clinical-term",
                                        "code": "OV000052",
                                        "display": "Sesuai"
                                    }
                                }
                            ]
                        }
                    ]
                },
                {
                    "linkId": "3",
                    "text": "Persyaratan Klinis",
                    "item": [
                        {
                            "linkId": "3.1",
                            "text": "Apakah ketepatan indikasi, dosis, dan waktu penggunaan obat sudah sesuai?",
                            "answer": [
                                {
                                    "valueCoding": {
                                        "system": "http://terminology.kemkes.go.id/CodeSystem/clinical-term",
                                        "code": "OV000052",
                                        "display": "Sesuai"
                                    }
                                }
                            ]
                        },
                        {
                            "linkId": "3.2",
                            "text": "Apakah terdapat duplikasi pengobatan?",
                            "answer": [
                                {
                                    "valueBoolean": false
                                }
                            ]
                        },
                        {
                            "linkId": "3.3",
                            "text": "Apakah terdapat alergi dan reaksi obat yang tidak dikehendaki (ROTD)?",
                            "answer": [
                                {
                                    "valueBoolean": false
                                }
                            ]
                        },
                        {
                            "linkId": "3.4",
                            "text": "Apakah terdapat kontraindikasi pengobatan?",
                            "answer": [
                                {
                                    "valueBoolean": false
                                }
                            ]
                        },
                        {
                            "linkId": "3.5",
                            "text": "Apakah terdapat dampak interaksi obat?",
                            "answer": [
                                {
                                    "valueBoolean": false
                                }
                            ]
                        }
                    ]
                }
            ]
        }
    ]
}