{
    "resourceType": "Composition",
    "identifier": {
        "system": "http://sys-ids.kemkes.go.id/composition/{{Org_id}}",
        "value": "{{Composition_DietId}}"
    },
    "status": "final",
    "type": {
        "coding": [
            {
                "system": "http://loinc.org",
                "code": "18842-5",
                "display": "Discharge summary"
            }
        ]
    },
    "category": [
        {
            "coding": [
                {
                    "system": "http://loinc.org",
                    "code": "LP173421-1",
                    "display": "Report"
                }
            ]
        }
    ],
    "subject": {
        "reference": "Patient/{{Patient_Id}}",
        "display": "{{Patient_Name}}"
    },
    "encounter": {
        "reference": "Encounter/{{Encounter_uuid}}",
        "display": "Kunjungan {{Patient_Name}} di tanggal 31 Agustus 2023"
    },
    "date": "2023-08-31T07:27:00+00:00",
    "author": [
        {
            "reference": "Practitioner/{{Practitioner_Id}}",
            "display": "{{Practitioner_Name}}"
        }
    ],
    "title": "Resume Medis Rawat Jalan",
    "custodian": {
        "reference": "Organization/{{Org_id}}"
    },
    "section": [
        {
            "code": {
                "coding": [
                    {
                        "system": "http://loinc.org",
                        "code": "42344-2",
                        "display": "Discharge diet (narrative)"
                    }
                ]
            },
            "text": {
                "status": "additional",
                "div": "Rekomendasi diet rendah lemak, rendah kalori"
            }
        }
    ]
}