{
    "resourceType": "MedicationRequest",
    "identifier": [
        {
            "system": "http://sys-ids.kemkes.go.id/prescription/{{Org_id}}",
            "use": "official",
            "value": "123456788"
        },
        {
            "system": "http://sys-ids.kemkes.go.id/prescription-item/{{Org_id}}",
            "use": "official",
            "value": "123456788-1"
        }
    ],
    "status": "completed",
    "intent": "order",
    "category": [
        {
            "coding": [
                {
                    "system": "http://terminology.hl7.org/CodeSystem/medicationrequest-category",
                    "code": "outpatient",
                    "display": "Outpatient"
                }
            ]
        }
    ],
    "priority": "routine",
    "medicationReference": {
        "reference": "Medication/{{Medication_3b01_ForRequest}}"
    },
    "subject": {
        "reference": "Patient/{{Patient_Id}}",
        "display": "{{Patient_Name}}"
    },
    "encounter": {
        "reference": "Encounter/{{Encounter_uuid}}"
    },
    "authoredOn": "2023-08-31T03:27:00+00:00",
    "requester": {
        "reference": "Practitioner/{{Practitioner_Id}}",
        "display": "{{Practitioner_Name}}"
    },
    "reasonReference": [
        {
            "reference": "Condition/{{Diagnosis_Primer}}",
            "display": "{{DiagnosisPrimer_Text}}"
        }
    ],
    "dosageInstruction": [
        {
            "sequence": 1,
            "additionalInstruction": [
                {
                    "coding": [
                        {
                            "system": "http://snomed.info/sct",
                            "code": "420162004",
                            "display": "To be spread thinly"
                        }
                    ]
                }
            ],
            "patientInstruction": "Dioleskan tipis-tipis 1-3 kali sehari",
            "timing": {
                "repeat": {
                    "frequency": 1,
                    "frequencyMax": 3,
                    "period": 1,
                    "periodUnit": "d"
                }
            },
            "route": {
                "coding": [
                    {
                        "system": "http://www.whocc.no/atc",
                        "code": "ointment",
                        "display": "Ointment"
                    }
                ]
            },
            "doseAndRate": [
                {
                    "type": {
                        "coding": [
                            {
                                "system": "http://terminology.hl7.org/CodeSystem/dose-rate-type",
                                "code": "ordered",
                                "display": "Ordered"
                            }
                        ]
                    },
                    "doseQuantity": {
                        "code": "SCOOP",
                        "system": "http://terminology.hl7.org/CodeSystem/v3-orderableDrugForm",
                        "unit": "scoop",
                        "value": 1
                    }
                }
            ]
        }
    ],
    "dispenseRequest": {
        "dispenseInterval": {
            "value": 1,
            "unit": "days",
            "system": "http://unitsofmeasure.org",
            "code": "d"
        },
        "validityPeriod": {
            "start": "2023-08-31T03:27:00+00:00",
            "end": "2023-09-01T03:27:00+00:00"
        },
        "numberOfRepeatsAllowed": 0,
        "quantity": {
            "value": 1,
            "system": "http://terminology.kemkes.go.id/CodeSystem/smallest-logistic-unit",
            "unit": "Pot",
            "code": "MRD000006"
        },
        "expectedSupplyDuration": {
            "value": 30,
            "unit": "days",
            "system": "http://unitsofmeasure.org",
            "code": "d"
        },
        "performer": {
            "reference": "Organization/{{Org_id}}"
        }
    }
}