{
    "resourceType": "Medication",
    "meta": {
        "profile": [
            "https://fhir.kemkes.go.id/r4/StructureDefinition/Medication"
        ]
    },
    "identifier": [
        {
            "system": "http://sys-ids.kemkes.go.id/medication/{{Org_id}}",
            "use": "official",
            "value": "123456788"
        }
    ],
    "status": "active",
    "form": {
        "coding": [
            {
                "system": "http://terminology.kemkes.go.id/CodeSystem/medication-form",
                "code": "BS030",
                "display": "Krim"
            }
        ]
    },
    "ingredient": [
        {
            "itemCodeableConcept": {
                "coding": [
                    {
                        "system": "http://sys-ids.kemkes.go.id/kfa",
                        "code": "91000517",
                        "display": "Clobetasol"
                    }
                ]
            },
            "isActive": true,
            "strength": {
                "numerator": {
                    "value": 0.75,
                    "system": "http://unitsofmeasure.org",
                    "code": "mg"
                },
                "denominator": {
                    "value": 1,
                    "system": "http://unitsofmeasure.org",
                    "code": "g"
                }
            }
        },
        {
            "itemCodeableConcept": {
                "coding": [
                    {
                        "system": "http://sys-ids.kemkes.go.id/kfa",
                        "code": "91000290",
                        "display": "Bacitracin"
                    }
                ]
            },
            "isActive": true,
            "strength": {
                "numerator": {
                    "value": 500,
                    "system": "http://unitsofmeasure.org",
                    "code": "[IU]"
                },
                "denominator": {
                    "value": 1,
                    "system": "http://unitsofmeasure.org",
                    "code": "g"
                }
            }
        },
        {
            "itemCodeableConcept": {
                "coding": [
                    {
                        "system": "http://sys-ids.kemkes.go.id/kfa",
                        "code": "91000291",
                        "display": "Polymyxin B"
                    }
                ]
            },
            "isActive": true,
            "strength": {
                "numerator": {
                    "value": 100000,
                    "system": "http://unitsofmeasure.org",
                    "code": "[IU]"
                },
                "denominator": {
                    "value": 1,
                    "system": "http://unitsofmeasure.org",
                    "code": "g"
                }
            }
        }
    ],
    "batch": {
        "lotNumber": "1625042A",
        "expirationDate": "2025-07-22T14:27:00+00:00"
    },
    "extension": [
        {
            "url": "https://fhir.kemkes.go.id/r4/StructureDefinition/MedicationType",
            "valueCodeableConcept": {
                "coding": [
                    {
                        "system": "http://terminology.kemkes.go.id/CodeSystem/medication-type",
                        "code": "SD",
                        "display": "Gives of such doses"
                    }
                ]
            }
        }
    ]
}