{
    "resourceType": "Observation",
    "status": "final",
    "category": [
        {
            "coding": [
                {
                    "system": "http://terminology.hl7.org/CodeSystem/observation-category",
                    "code": "survey",
                    "display": "Survey"
                }
            ]
        }
    ],
    "code": {
        "coding": [
            {
                "system": "http://loinc.org",
                "code": "8693-4",
                "display": "Mental Status"
            }
        ]
    },
    "subject": {
        "reference": "Patient/{{Patient_Id}}",
        "display": "{{Patient_Name}}"
    },
    "encounter": {
        "reference": "Encounter/{{Encounter_uuid}}"
    },
    "effectiveDateTime": "2023-08-31T01:10:00+00:00",
    "issued": "2023-08-31T01:10:00+00:00",
    "performer": [
        {
            "reference": "Practitioner/{{Practitioner_Id}}",
            "display": "{{Practitioner_Name}}"
        }
    ],
    "valueCodeableConcept": {
        "coding": [
            {
                "system": "http://snomed.info/sct",
                "code": "48694002",
                "display": "Feeling anxious"
            }
        ]
    }
}