{
    "resourceType": "Observation",
    "status": "final",
    "category": [
        {
            "coding": [
                {
                    "system": "http://terminology.hl7.org/CodeSystem/observation-category",
                    "code": "vital-signs",
                    "display": "Vital Signs"
                }
            ]
        }
    ],
    "code": {
        "coding": [
            {
                "system": "http://loinc.org",
                "code": "67775-7",
                "display": "Level of responsiveness"
            }
        ]
    },
    "subject": {
        "reference": "Patient/{{Patient_Id}}",
        "display": "{{Patient_Name}}"
    },
    "encounter": {
        "reference": "Encounter/{{Encounter_uuid}}"
    },
    "effectiveDateTime": "2023-08-31T01:10:00+00:00",
    "issued": "2023-08-31T01:10:00+00:00",
    "performer": [
        {
            "reference": "Practitioner/{{Practitioner_Id}}",
            "display": "{{Practitioner_Name}}"
        }
    ],
    "valueCodeableConcept": {
        "coding": [
            {
                "system": "http://snomed.info/sct",
                "code": "248234008",
                "display": "Mentally alert"
            }
        ]
    }
}