{
    "resourceType": "DiagnosticReport",
    "identifier": [
        {
            "system": "http://sys-ids.kemkes.go.id/diagnostic/{{Org_id}}/lab",
            "use": "official",
            "value": "5234342"
        }
    ],
    "status": "final",
    "category": [
        {
            "coding": [
                {
                    "system": "http://terminology.hl7.org/CodeSystem/v2-0074",
                    "code": "HM",
                    "display": "Hematology"
                }
            ]
        }
    ],
    "code": {
        "coding": [
            {
                "system": "http://loinc.org",
                "code": "57743-7",
                "display": "ABO group [Type] in Blood by Confirmatory method"
            }
        ]
    },
    "subject": {
        "reference": "Patient/{{Patient_Id}}"
    },
    "encounter": {
        "reference": "Encounter/{{Encounter_uuid}}"
    },
    "effectiveDateTime": "2023-08-31T15:25:00+00:00",
    "issued": "2023-08-31T15:25:00+00:00",
    "performer": [
        {
            "reference": "Practitioner/{{Practitioner_Id}}"
        },
        {
            "reference": "Organization/{{Org_id}}"
        }
    ],
    "result": [
        {
            "reference": "Observation/{{Observation_Nominal}}"
        }
    ],
    "specimen": [
        {
            "reference": "Specimen/{{Specimen_Nominal}}"
        }
    ],
    "basedOn": [
        {
            "reference": "ServiceRequest/{{ServiceRequest_Nominal}}"
        }
    ],
    "conclusionCode": [
        {
            "coding": [
                {
                    "system": "http://loinc.org",
                    "code": "LA19710-5",
                    "display": "Group A"
                }
            ]
        }
    ]
}