{
    "resourceType": "Specimen",
    "identifier": [
        {
            "system": "http://sys-ids.kemkes.go.id/specimen/{{Org_id}}",
            "value": "{{Lab_SpecID_Nominal}}",
            "assigner": {
                "reference": "Organization/{{Org_id}}"
            }
        }
    ],
    "status": "available",
    "type": {
        "coding": [
            {
                "system": "http://snomed.info/sct",
                "code": "119297000",
                "display": "Blood specimen"
            }
        ]
    },
    "collection": {
        "method": {
            "coding": [
                {
                    "system": "http://snomed.info/sct",
                    "code": "82078001",
                    "display": "Collection of blood specimen for laboratory"
                }
            ]
        },
        "collectedDateTime": "2023-08-31T03:15:00+00:00"
    },
    "subject": {
        "reference": "Patient/{{Patient_Id}}",
        "display": "{{Patient_Name}}"
    },
    "request": [
        {
            "reference": "ServiceRequest/{{ServiceRequest_Nominal}}"
        }
    ],
    "receivedTime": "2023-08-31T03:25:00+00:00"
}