{
    "resourceType": "Observation",
    "status": "final",
    "category": [
        {
            "coding": [
                {
                    "system": "http://terminology.hl7.org/CodeSystem/observation-category",
                    "code": "exam",
                    "display": "Exam"
                }
            ]
        }
    ],
    "code": {
        "coding": [
            {
                "system": "http://snomed.info/sct",
                "code": "40701008",
                "display": "Echocardiography"
            }
        ]
    },
    "subject": {
        "reference": "Patient/{{Patient_Id}}"
    },
    "performer": [
        {
            "reference": "Practitioner/N10000001"
        }
    ],
    "encounter": {
        "reference": "Encounter/{{Encounter_uuid}}"
    },
    "effectiveDateTime": "2023-08-31T02:27:00+00:00",
    "issued": "2023-08-31T02:27:00+00:00",
    "component": [
        {
            "code": {
                "coding": [
                    {
                        "system": "http://snomed.info/sct",
                        "code": "70822001",
                        "display": "Cardiac ejection fraction, function"
                    }
                ]
            },
            "valueQuantity": {
                "value": 40,
                "unit": "%",
                "system": "http://unitsofmeasure.org",
                "code": "%"
            }
        },
        {
            "code": {
                "coding": [
                    {
                        "system": "http://terminology.kemkes.go.id/CodeSystem/clinical-term",
                        "code": "OC000132",
                        "display": "Left Ventricular Hypertrophy (LVH) Konsentrik"
                    }
                ]
            },
            "valueBoolean": true
        },
        {
            "code": {
                "coding": [
                    {
                        "system": "http://terminology.kemkes.go.id/CodeSystem/clinical-term",
                        "code": "OC000134",
                        "display": "Left Ventricular Hypertrophy (LVH) Eksentrik"
                    }
                ]
            },
            "valueBoolean": false
        },
        {
            "code": {
                "coding": [
                    {
                        "system": "http://loinc.org",
                        "code": "18024-0",
                        "display": "Left atrial Diameter anterior-posterior systole by US.M-mode"
                    }
                ]
            },
            "valueQuantity": {
                "value": 45,
                "unit": "mm",
                "system": "http://unitsofmeasure.org",
                "code": "mm"
            }
        },
        {
            "code": {
                "coding": [
                    {
                        "system": "http://snomed.info/sct",
                        "code": "3545003",
                        "display": "Diastolic dysfunction"
                    }
                ]
            },
            "valueBoolean": true
        }
    ],
    "valueString": "Hasil pemeriksaan Ekokardiografi menunjukkan adanya gangguan pada jantung"
}