{
    "resourceType": "Procedure",
    "status": "completed",
    "category": {
        "coding": [
            {
                "system": "http://snomed.info/sct",
                "code": "103693007",
                "display": "Diagnostic procedure"
            }
        ],
        "text": "Prosedur Diagnostik"
    },
    "code": {
        "coding": [
            {
                "system": "http://hl7.org/fhir/sid/icd-9-cm",
                "code": "37.28",
                "display": "Intracardial echocardiography"
            }
        ]
    },
    "subject": {
        "reference": "Patient/{{Patient_Id}}",
        "display": "{{Patient_Name}}"
    },
    "encounter": {
        "reference": "Encounter/{{Encounter_uuid}}"
    },
    "performedPeriod": {
        "start": "2023-08-31T02:27:00+00:00",
        "end": "2023-08-31T02:27:00+00:00"
    },
    "performer": [
        {
            "actor": {
                "reference": "Practitioner/N10000001"
            }
        }
    ]
}