{
    "resourceType": "Bundle",
    "type": "transaction",
    "entry": [
        {
            "fullUrl": "urn:uuid:71b73384-966a-40ca-8285-6826dd49db92",
            "resource": {
                "resourceType": "Encounter",
                "identifier": [
                    {
                        "system": "http://sys-ids.kemkes.go.id/encounter/{{Org_id}}",
                        "value": "P202440518"
                    }
                ],
                "status": "finished",
                "class": {
                    "system": "http://terminology.hl7.org/CodeSystem/v3-ActCode",
                    "code": "AMB",
                    "display": "ambulatory"
                },
                "subject": {
                    "reference": "Patient/P02029385622",
                    "display": "By. John Smith"
                },
                "participant": [
                    {
                        "type": [
                            {
                                "coding": [
                                    {
                                        "system": "http://terminology.hl7.org/CodeSystem/v3-ParticipationType",
                                        "code": "ATND",
                                        "display": "attender"
                                    }
                                ]
                            }
                        ],
                        "individual": {
                            "reference": "Practitioner/N10000001",
                            "display": "Dokter Bronsig"
                        }
                    }
                ],
                "period": {
                    "start": "2023-10-31T07:00:00+00:00",
                    "end": "2023-10-31T09:00:00+00:00"
                },
                "location": [
                    {
                        "location": {
                            "reference": "Location/6e2536d0-416f-43f2-b714-02ca66f11507",
                            "display": "Ruang PONED A, Departemen KIA"
                        }
                    }
                ],
                "statusHistory": [
                    {
                        "status": "arrived",
                        "period": {
                            "start": "2023-10-31T07:00:00+00:00",
                            "end": "2023-10-31T08:00:00+00:00"
                        }
                    },
                    {
                        "status": "in-progress",
                        "period": {
                            "start": "2023-10-31T08:00:00+00:00",
                            "end": "2023-10-31T09:00:00+00:00"
                        }
                    },
                    {
                        "status": "finished",
                        "period": {
                            "start": "2023-10-31T09:00:00+00:00",
                            "end": "2023-10-31T09:00:00+00:00"
                        }
                    }
                ],
                "serviceProvider": {
                    "reference": "Organization/{{Org_id}}"
                }
            },
            "request": {
                "method": "POST",
                "url": "Encounter"
            }
        },
        {
            "fullUrl": "urn:uuid:c6e8c19e-2f8c-41d1-b791-d96604221041",
            "resource": {
                "resourceType": "ServiceRequest",
                "identifier": [
                    {
                        "system": "http://sys-ids.kemkes.go.id/servicerequest/{{Org_id}}",
                        "value": "15958"
                    }
                ],
                "status": "active",
                "intent": "original-order",
                "priority": "routine",
                "category": [
                    {
                        "coding": [
                            {
                                "system": "http://snomed.info/sct",
                                "code": "108252007",
                                "display": "Laboratory procedure"
                            }
                        ]
                    },
                    {
                        "coding": [
                            {
                                "system": "http://snomed.info/sct",
                                "code": "3457005",
                                "display": "Patient referral"
                            }
                        ]
                    }
                ],
                "code": {
                    "coding": [
                        {
                            "system": "http://loinc.org",
                            "code": "29575-8",
                            "display": "Thyrotropin [Units/volume] in DBS"
                        }
                    ],
                    "text": "Pemeriksaan Skrining Thyroid Stimulating Hormone (TSH)"
                },
                "subject": {
                    "reference": "Patient/P02029385622"
                },
                "encounter": {
                    "reference": "urn:uuid:71b73384-966a-40ca-8285-6826dd49db92",
                    "display": "Pemeriksaan Skrining Thyroid Stimulating Hormone (TSH) Total Kamis, 31 Agustus 2023 pukul 09:30 WIB"
                },
                "specimen": [
                    {
                        "reference": "urn:uuid:44d9bb69-30ce-4541-a250-5d56f8708c2c"
                    }
                ],
                "contained": [
                    {
                        "resourceType": "Patient",
                        "id": "P02029385622",
                        "identifier": [
                            {
                                "system": "https://fhir.kemkes.go.id/id/ihs-number",
                                "use": "official",
                                "value": "P02029385622"
                            }
                        ],
                        "active": true,
                        "name": [
                            {
                                "use": "official",
                                "text": "John Smith"
                            }
                        ],
                        "gender": "male",
                        "birthDate": "2023-11-28",
                        "multipleBirthInteger": 0
                    },
                    {
                        "resourceType": "RelatedPerson",
                        "id": "P02029381697",
                        "identifier": [
                            {
                                "system": "https://fhir.kemkes.go.id/id/ihs-number",
                                "use": "official",
                                "value": "P02029381697"
                            },
                            {
                                "system": "https://fhir.kemkes.go.id/id/nik",
                                "use": "official",
                                "value": "98900128321123"
                            }
                        ],
                        "active": true,
                        "name": [
                            {
                                "use": "official",
                                "text": "SRI SARTIKA DEWI"
                            }
                        ],
                        "relationship": [
                            {
                                "coding": [
                                    {
                                        "system": "http://terminology.hl7.org/CodeSystem/v3-RoleCode",
                                        "code": "MTH",
                                        "display": "mother"
                                    }
                                ]
                            }
                        ],
                        "gender": "female",
                        "birthDate": "1996-07-06"
                    },
                    {
                        "resourceType": "RelatedPerson",
                        "id": "100000030009",
                        "identifier": [
                            {
                                "system": "https://fhir.kemkes.go.id/id/ihs-number",
                                "use": "official",
                                "value": "100000030009"
                            },
                            {
                                "system": "https://fhir.kemkes.go.id/id/nik",
                                "use": "official",
                                "value": "98900189810231"
                            }
                        ],
                        "active": true,
                        "name": [
                            {
                                "use": "official",
                                "text": "Budi Santoso"
                            }
                        ],
                        "relationship": [
                            {
                                "coding": [
                                    {
                                        "system": "http://terminology.hl7.org/CodeSystem/v3-RoleCode",
                                        "code": "FTH",
                                        "display": "Father"
                                    }
                                ]
                            }
                        ],
                        "gender": "male",
                        "birthDate": "1944-11-17"
                    }
                ],
                "supportingInfo": [
                    {
                        "reference": "Observation/d61d14bb-b261-41a3-b387-9cc6b5ae41f5",
                        "display": "Observation Berat Badan Lahir"
                    },
                    {
                        "reference": "Observation/cc0d8a28-4373-431c-b5b0-a564a822224c",
                        "display": "Observation Usia Kehamilan saat Lahir"
                    },
                    {
                        "reference": "Procedure/3897a372-8bdd-4222-962f-e601d839eff8",
                        "display": "Apakahh dilakukan Transfusi darah pada ibu"
                    },
                    {
                        "reference": "Observation/513bb723-f3e6-40f8-b416-6a250e8b8173",
                        "display": "Observasi kapan dilakukan transfusi"
                    },
                    {
                        "reference": "Observation/3449ce2c-62f3-46a4-a9d2-c6e3e2caf99c",
                        "display": "Observasi apakah ada kelainan"
                    },
                    {
                        "reference": "Observation/587e8fae-9cf5-48da-9dc7-eb6833ab662a",
                        "display": "Observasi apakah ada wajah mongoloid"
                    },
                    {
                        "reference": "Condition/29129edb-51d0-4057-9479-25a219511e6a",
                        "display": "Jenis kelainan yang diidap"
                    },
                    {
                        "reference": "Observation/b19c3765-efb0-4b8c-a64c-38c2571b1b99",
                        "display": "Apakah bayi sakit"
                    },
                    {
                        "reference": "Condition/4a80b505-44f5-452e-a5eb-90087a51c02f",
                        "display": "Jenis penyakit yang diidap bayi"
                    },
                    {
                        "reference": "Observation/0ecea457-0555-42d4-8383-0ed2d11869ff",
                        "display": "Apakah bayi diberikan obat"
                    },
                    {
                        "reference": "MedicationStatement/5de2aa18-fb29-4129-a2a3-4611369a31dd",
                        "display": "Jenis dan dosis obat yang diberikan kepada bayi"
                    },
                    {
                        "reference": "Observation/7118cba8-12e1-476b-a62d-96a47fc8a324",
                        "display": "urutan pengiriman sampel"
                    }
                ],
                "occurrenceDateTime": "2023-10-31T02:30:27+00:00",
                "authoredOn": "2023-10-31T05:30:27+00:00",
                "requester": {
                    "reference": "Organization/{{Org_id}}",
                    "display": "Puskesmas Bagelen"
                },
                "performer": [
                    {
                        "reference": "Organization/10000002",
                        "display": "RS SatuSehat"
                    }
                ],
                "reasonCode": [
                    {
                        "text": "Suspek Hipotiroid Kongenital"
                    }
                ]
            },
            "request": {
                "method": "POST",
                "url": "ServiceRequest"
            }
        },
        {
            "fullUrl": "urn:uuid:44d9bb69-30ce-4541-a250-5d56f8708c2c",
            "resource": {
                "resourceType": "Specimen",
                "identifier": [
                    {
                        "system": "http://sys-ids.kemkes.go.id/specimen/{{Org_id}}",
                        "value": "471001670",
                        "assigner": {
                            "reference": "Organization/{{Org_id}}"
                        }
                    }
                ],
                "status": "available",
                "type": {
                    "coding": [
                        {
                            "system": "http://snomed.info/sct",
                            "code": "119294007",
                            "display": "Dried blood specimen"
                        }
                    ]
                },
                "collection": {
                    "collectedDateTime": "2023-10-31T01:15:00+00:00",
                    "extension": [
                        {
                            "url": "https://fhir.kemkes.go.id/r4/StructureDefinition/ServiceClass",
                            "valueReference": {
                                "reference": "Organization/{{Org_id}}"
                            }
                        }
                    ],
                    "bodySite": {
                        "coding": [
                            {
                                "system": "http://snomed.info/sct",
                                "code": "29092000",
                                "display": "Venous structure"
                            }
                        ]
                    }
                },
                "subject": {
                    "reference": "Patient/P02029385622",
                    "display": "An. Ny. Smith"
                },
                "request": [
                    {
                        "reference": "urn:uuid:c6e8c19e-2f8c-41d1-b791-d96604221041"
                    }
                ],
                "extension": [
                    {
                        "url": "https://fhir.kemkes.go.id/r4/StructureDefinition/TransportedTime",
                        "valueDateTime": "2023-10-31T01:23:00+00:00"
                    },
                    {
                        "url": "https://fhir.kemkes.go.id/r4/StructureDefinition/TrasnsportedPerson",
                        "valueContactDetail": {
                            "name": "Gojek",
                            "telecom": [
                                {
                                    "system": "phone",
                                    "value": "123-456-7890"
                                }
                            ]
                        }
                    },
                    {
                        "url": "https://fhir.kemkes.go.id/r4/StructureDefinition/ReceivedPerson",
                        "valueReference": {
                            "reference": "Practitioner/N10000001",
                            "display": "Dokter Bronsig"
                        }
                    }
                ]
            },
            "request": {
                "method": "POST",
                "url": "Specimen"
            }
        },
        {
            "fullUrl": "urn:uuid:d61d14bb-b261-41a3-b387-9cc6b5ae41f5",
            "resource": {
                "resourceType": "Observation",
                "status": "final",
                "category": [
                    {
                        "coding": [
                            {
                                "system": "http://terminology.hl7.org/CodeSystem/observation-category",
                                "code": "survey",
                                "display": "Survey"
                            }
                        ]
                    }
                ],
                "code": {
                    "coding": [
                        {
                            "system": "http://loinc.org",
                            "code": "8339-4",
                            "display": "Birth weight Measured"
                        }
                    ]
                },
                "subject": {
                    "reference": "Patient/P02029385622",
                    "display": "An. Ny. Smith"
                },
                "encounter": {
                    "reference": "urn:uuid:71b73384-966a-40ca-8285-6826dd49db92"
                },
                "effectiveDateTime": "2023-10-31T01:00:00+00:00",
                "issued": "2023-10-31T01:00:00+00:00",
                "performer": [
                    {
                        "reference": "Practitioner/N10000001"
                    }
                ],
                "valueQuantity": {
                    "value": 4510,
                    "unit": "g",
                    "system": "http://unitsofmeasure.org",
                    "code": "g"
                }
            },
            "request": {
                "method": "POST",
                "url": "Observation"
            }
        },
        {
            "fullUrl": "urn:uuid:cc0d8a28-4373-431c-b5b0-a564a822224c",
            "resource": {
                "resourceType": "Observation",
                "status": "final",
                "category": [
                    {
                        "coding": [
                            {
                                "system": "http://terminology.hl7.org/CodeSystem/observation-category",
                                "code": "survey",
                                "display": "Survey"
                            }
                        ]
                    }
                ],
                "code": {
                    "coding": [
                        {
                            "system": "http://loinc.org",
                            "code": "76516-4",
                            "display": "Gestational age--at birth"
                        }
                    ]
                },
                "subject": {
                    "reference": "Patient/P02029385622",
                    "display": "An. Ny. Smith"
                },
                "encounter": {
                    "reference": "urn:uuid:71b73384-966a-40ca-8285-6826dd49db92"
                },
                "effectiveDateTime": "2023-10-31T01:00:00+00:00",
                "issued": "2023-10-31T01:00:00+00:00",
                "performer": [
                    {
                        "reference": "Practitioner/N10000001"
                    }
                ],
                "valueQuantity": {
                    "value": 35,
                    "unit": "wk",
                    "system": "http://unitsofmeasure.org",
                    "code": "wk"
                },
                "referenceRange": [
                    {
                        "high": {
                            "value": 37,
                            "unit": "wk",
                            "system": "http://unitsofmeasure.org",
                            "code": "wk"
                        },
                        "type": {
                            "coding": [
                                {
                                    "system": "http://snomed.info/sct",
                                    "code": "367494004",
                                    "display": "Premature birth of newborn"
                                }
                            ]
                        }
                    }
                ],
                "interpretation": [
                    {
                        "coding": [
                            {
                                "system": "http://snomed.info/sct",
                                "code": "367494004",
                                "display": "Premature birth of newborn"
                            }
                        ]
                    }
                ]
            },
            "request": {
                "method": "POST",
                "url": "Observation"
            }
        },
        {
            "fullUrl": "urn:uuid:3897a372-8bdd-4222-962f-e601d839eff8",
            "resource": {
                "resourceType": "Procedure",
                "status": "completed",
                "category": {
                    "coding": [
                        {
                            "system": "http://snomed.info/sct",
                            "code": "161664006",
                            "display": "History of blood transfusion"
                        }
                    ]
                },
                "code": {
                    "coding": [
                        {
                            "system": "http://terminology.kemkes.go.id/CodeSystem/clinical-term",
                            "code": "PC000016",
                            "display": "Riwayat transfusi darah ibu"
                        }
                    ]
                },
                "subject": {
                    "reference": "Patient/P02029385622",
                    "display": "Ny. Jane Smith"
                },
                "encounter": {
                    "reference": "urn:uuid:71b73384-966a-40ca-8285-6826dd49db92"
                },
                "performedPeriod": {
                    "start": "2023-10-28T01:00:00+00:00",
                    "end": "2023-10-28T01:20:00+00:00"
                },
                "performer": [
                    {
                        "actor": {
                            "reference": "Practitioner/N10000002",
                            "display": "Ns. Fahma"
                        }
                    }
                ],
                "asserter": {
                    "reference": "Practitioner/N10000001",
                    "display": "dr. Bronsig"
                }
            },
            "request": {
                "method": "POST",
                "url": "Procedure"
            }
        },
        {
            "fullUrl": "urn:uuid:513bb723-f3e6-40f8-b416-6a250e8b8173",
            "resource": {
                "resourceType": "Observation",
                "status": "final",
                "partOf": [
                    {
                        "reference": "urn:uuid:3897a372-8bdd-4222-962f-e601d839eff8"
                    }
                ],
                "category": [
                    {
                        "coding": [
                            {
                                "system": "http://terminology.hl7.org/CodeSystem/observation-category",
                                "code": "survey",
                                "display": "Survey"
                            }
                        ]
                    }
                ],
                "code": {
                    "coding": [
                        {
                            "system": "http://terminology.kemkes.go.id/CodeSystem/clinical-term",
                            "code": "OC000139",
                            "display": "Waktu terakhir kali ibu diberikan transfusi darah"
                        }
                    ]
                },
                "subject": {
                    "reference": "Patient/P02029385622",
                    "display": "An. Ny. Smith"
                },
                "encounter": {
                    "reference": "urn:uuid:71b73384-966a-40ca-8285-6826dd49db92"
                },
                "effectiveDateTime": "2023-10-31T01:00:00+00:00",
                "issued": "2023-10-31T01:00:00+00:00",
                "performer": [
                    {
                        "reference": "Practitioner/N10000001"
                    }
                ],
                "valueDateTime": "2023-10-28T01:20:00+00:00"
            },
            "request": {
                "method": "POST",
                "url": "Observation"
            }
        },
        {
            "fullUrl": "urn:uuid:3449ce2c-62f3-46a4-a9d2-c6e3e2caf99c",
            "resource": {
                "resourceType": "Observation",
                "status": "final",
                "category": [
                    {
                        "coding": [
                            {
                                "system": "http://terminology.hl7.org/CodeSystem/observation-category",
                                "code": "exam",
                                "display": "Exam"
                            }
                        ]
                    }
                ],
                "code": {
                    "coding": [
                        {
                            "system": "http://terminology.kemkes.go.id/CodeSystem/clinical-term",
                            "code": "OC000141",
                            "display": "Ada kelainan bawaan"
                        }
                    ]
                },
                "subject": {
                    "reference": "Patient/P02029385622",
                    "display": "An. Ny. Smith"
                },
                "encounter": {
                    "reference": "urn:uuid:71b73384-966a-40ca-8285-6826dd49db92"
                },
                "effectiveDateTime": "2023-10-31T01:00:00+00:00",
                "issued": "2023-10-31T01:00:00+00:00",
                "performer": [
                    {
                        "reference": "Practitioner/N10000001"
                    }
                ],
                "valueBoolean": true
            },
            "request": {
                "method": "POST",
                "url": "Observation"
            }
        },
        {
            "fullUrl": "urn:uuid:587e8fae-9cf5-48da-9dc7-eb6833ab662a",
            "resource": {
                "resourceType": "Observation",
                "status": "final",
                "category": [
                    {
                        "coding": [
                            {
                                "system": "http://terminology.hl7.org/CodeSystem/observation-category",
                                "code": "exam",
                                "display": "Exam"
                            }
                        ]
                    }
                ],
                "code": {
                    "coding": [
                        {
                            "system": "http://terminology.kemkes.go.id/CodeSystem/clinical-term",
                            "code": "OC000142",
                            "display": "Wajah mongoloid"
                        }
                    ]
                },
                "subject": {
                    "reference": "Patient/P02029385622",
                    "display": "An. Ny. Smith"
                },
                "encounter": {
                    "reference": "urn:uuid:71b73384-966a-40ca-8285-6826dd49db92"
                },
                "effectiveDateTime": "2023-10-31T01:00:00+00:00",
                "issued": "2023-10-31T01:00:00+00:00",
                "performer": [
                    {
                        "reference": "Practitioner/N10000001"
                    }
                ],
                "valueBoolean": true
            },
            "request": {
                "method": "POST",
                "url": "Observation"
            }
        },
        {
            "fullUrl": "urn:uuid:29129edb-51d0-4057-9479-25a219511e6a",
            "resource": {
                "resourceType": "Condition",
                "identifier": {
                    "system": "http://sys-ids.kemkes.go.id/condition/{{Org_id}}",
                    "value": "1234"
                },
                "clinicalStatus": {
                    "coding": [
                        {
                            "system": "http://terminology.hl7.org/CodeSystem/condition-clinical",
                            "code": "active",
                            "display": "Active"
                        }
                    ]
                },
                "category": [
                    {
                        "coding": [
                            {
                                "system": "http://terminology.hl7.org/CodeSystem/condition-category",
                                "code": "problem-list-item",
                                "display": "Problem List Item"
                            }
                        ]
                    }
                ],
                "code": {
                    "coding": [
                        {
                            "system": "http://snomed.info/sct",
                            "code": "879939002",
                            "display": "14q32 deletion syndrome"
                        }
                    ]
                },
                "encounter": {
                    "reference": "urn:uuid:71b73384-966a-40ca-8285-6826dd49db92"
                },
                "subject": {
                    "reference": "Patient/P02029385622"
                },
                "recordedDate": "2023-10-31T02:00:00+00:00",
                "recorder": {
                    "reference": "Practitioner/N10000001"
                }
            },
            "request": {
                "method": "POST",
                "url": "Condition"
            }
        },
        {
            "fullUrl": "urn:uuid:b19c3765-efb0-4b8c-a64c-38c2571b1b99",
            "resource": {
                "resourceType": "Observation",
                "status": "final",
                "category": [
                    {
                        "coding": [
                            {
                                "system": "http://terminology.hl7.org/CodeSystem/observation-category",
                                "code": "exam",
                                "display": "Exam"
                            }
                        ]
                    }
                ],
                "code": {
                    "coding": [
                        {
                            "system": "http://snomed.info/sct",
                            "code": "275142008",
                            "display": "Sick child"
                        }
                    ]
                },
                "subject": {
                    "reference": "Patient/P02029385622",
                    "display": "An. Ny. Smith"
                },
                "encounter": {
                    "reference": "urn:uuid:71b73384-966a-40ca-8285-6826dd49db92"
                },
                "effectiveDateTime": "2023-10-31T01:00:00+00:00",
                "issued": "2023-10-31T01:00:00+00:00",
                "performer": [
                    {
                        "reference": "Practitioner/N10000001"
                    }
                ],
                "valueBoolean": true
            },
            "request": {
                "method": "POST",
                "url": "Observation"
            }
        },
        {
            "fullUrl": "urn:uuid:4a80b505-44f5-452e-a5eb-90087a51c02f",
            "resource": {
                "resourceType": "Condition",
                "identifier": {
                    "system": "http://sys-ids.kemkes.go.id/condition/{{Org_id}}",
                    "value": ""
                },
                "clinicalStatus": {
                    "coding": [
                        {
                            "system": "http://terminology.hl7.org/CodeSystem/condition-clinical",
                            "code": "active",
                            "display": "Active"
                        }
                    ]
                },
                "category": [
                    {
                        "coding": [
                            {
                                "system": "http://terminology.hl7.org/CodeSystem/condition-category",
                                "code": "problem-list-item",
                                "display": "Problem List Item"
                            }
                        ]
                    }
                ],
                "code": {
                    "coding": [
                        {
                            "system": "http://snomed.info/sct",
                            "code": "472959005",
                            "display": "History of acute lower respiratory tract infection"
                        }
                    ]
                },
                "encounter": {
                    "reference": "urn:uuid:71b73384-966a-40ca-8285-6826dd49db92"
                },
                "subject": {
                    "reference": "Patient/P02029385622"
                },
                "recordedDate": "2023-10-31T02:00:00+00:00",
                "recorder": {
                    "reference": "Practitioner/N10000001"
                }
            },
            "request": {
                "method": "POST",
                "url": "Condition"
            }
        },
        {
            "fullUrl": "urn:uuid:0ecea457-0555-42d4-8383-0ed2d11869ff",
            "resource": {
                "resourceType": "Observation",
                "status": "final",
                "category": [
                    {
                        "coding": [
                            {
                                "system": "http://terminology.hl7.org/CodeSystem/observation-category",
                                "code": "exam",
                                "display": "Exam"
                            }
                        ]
                    }
                ],
                "code": {
                    "coding": [
                        {
                            "system": "http://snomed.info/sct",
                            "code": "129019007",
                            "display": "Taking medication"
                        }
                    ]
                },
                "subject": {
                    "reference": "Patient/P02029385622",
                    "display": "An. Ny. Smith"
                },
                "encounter": {
                    "reference": "urn:uuid:71b73384-966a-40ca-8285-6826dd49db92"
                },
                "effectiveDateTime": "2023-10-31T01:00:00+00:00",
                "issued": "2023-10-31T01:00:00+00:00",
                "performer": [
                    {
                        "reference": "Practitioner/N10000001"
                    }
                ],
                "valueBoolean": true
            },
            "request": {
                "method": "POST",
                "url": "Observation"
            }
        },
        {
            "fullUrl": "urn:uuid:5de2aa18-fb29-4129-a2a3-4611369a31dd",
            "resource": {
                "resourceType": "MedicationStatement",
                "identifier": {
                    "system": "http://sys-ids.kemkes.go.id/medicationstatement/{{Org_id}}",
                    "value": "66558"
                },
                "status": "completed",
                "category": {
                    "coding": [
                        {
                            "system": "http://terminology.hl7.org/CodeSystem/medication-statement-category",
                            "code": "community",
                            "display": "Community"
                        }
                    ]
                },
                "medicationCodeableConcept": {
                    "coding": [
                        {
                            "system": "http://sys-ids.kemkes.go.id/kfa",
                            "code": "92001092",
                            "display": "Paracetamol 100 mg/mL Drops"
                        }
                    ]
                },
                "subject": {
                    "reference": "Patient/P02029385622"
                },
                "effectivePeriod": {
                    "start": "2023-10-28T00:00:00+00:00",
                    "end": "2023-10-31T00:00:00+00:00"
                },
                "context": {
                    "reference": "urn:uuid:71b73384-966a-40ca-8285-6826dd49db92"
                },
                "informationSource": {
                    "reference": "Patient/P02029385622"
                },
                "dosage": [
                    {
                        "patientInstruction": "diberikan 3x 10mg sehari",
                        "doseAndRate": [
                            {
                                "doseQuantity": {
                                    "value": 10,
                                    "unit": "mg",
                                    "system": "http://unitsofmeasure.org",
                                    "code": "mg"
                                }
                            }
                        ],
                        "timing": {
                            "repeat": {
                                "frequency": 3,
                                "period": 1,
                                "periodUnit": "d"
                            }
                        }
                    }
                ]
            },
            "request": {
                "method": "POST",
                "url": "MedicationStatement"
            }
        },
        {
            "fullUrl": "urn:uuid:7118cba8-12e1-476b-a62d-96a47fc8a324",
            "resource": {
                "resourceType": "Observation",
                "status": "final",
                "category": [
                    {
                        "coding": [
                            {
                                "system": "http://terminology.hl7.org/CodeSystem/observation-category",
                                "code": "exam",
                                "display": "Exam"
                            }
                        ]
                    }
                ],
                "code": {
                    "coding": [
                        {
                            "system": "http://terminology.kemkes.go.id/CodeSystem/clinical-term",
                            "code": "OC000145",
                            "display": "Urutan Pengiriman Sampel"
                        }
                    ]
                },
                "subject": {
                    "reference": "Patient/P02029385622",
                    "display": "An. Ny. Smith"
                },
                "encounter": {
                    "reference": "urn:uuid:71b73384-966a-40ca-8285-6826dd49db92"
                },
                "effectiveDateTime": "2023-10-31T01:00:00+00:00",
                "issued": "2023-10-31T01:00:00+00:00",
                "performer": [
                    {
                        "reference": "Practitioner/N10000001"
                    }
                ],
                "valueInteger": 2,
                "specimen": {
                    "reference": "urn:uuid:44d9bb69-30ce-4541-a250-5d56f8708c2c"
                }
            },
            "request": {
                "method": "POST",
                "url": "Observation"
            }
        }
    ]
}