{
    "authoredOn": "2023-10-31T05:30:27+00:00",
    "category": [
        {
            "coding": [
                {
                    "code": "108252007",
                    "display": "Laboratory procedure",
                    "system": "http://snomed.info/sct"
                }
            ]
        },
        {
            "coding": [
                {
                    "code": "3457005",
                    "display": "Patient referral",
                    "system": "http://snomed.info/sct"
                }
            ]
        }
    ],
    "code": {
        "coding": [
            {
                "code": "29575-8",
                "display": "Thyrotropin [Units/volume] in DBS",
                "system": "http://loinc.org"
            }
        ],
        "text": "Pemeriksaan Skrining Thyroid Stimulating Hormone (TSH)"
    },
    "contained": [
        {
            "active": true,
            "birthDate": "2023-11-28",
            "gender": "male",
            "id": "P02029385622",
            "identifier": [
                {
                    "system": "https://fhir.kemkes.go.id/id/ihs-number",
                    "use": "official",
                    "value": "P02029385622"
                }
            ],
            "multipleBirthInteger": 0,
            "name": [
                {
                    "text": "John Smith",
                    "use": "official"
                }
            ],
            "resourceType": "Patient"
        },
        {
            "active": true,
            "birthDate": "1996-07-06",
            "gender": "female",
            "id": "P02029381697",
            "identifier": [
                {
                    "system": "https://fhir.kemkes.go.id/id/ihs-number",
                    "use": "official",
                    "value": "P02029381697"
                },
                {
                    "system": "https://fhir.kemkes.go.id/id/nik",
                    "use": "official",
                    "value": "98900128321123"
                }
            ],
            "name": [
                {
                    "text": "SRI SARTIKA DEWI",
                    "use": "official"
                }
            ],
            "relationship": [
                {
                    "coding": [
                        {
                            "code": "MTH",
                            "display": "mother",
                            "system": "http://terminology.hl7.org/CodeSystem/v3-RoleCode"
                        }
                    ]
                }
            ],
            "resourceType": "RelatedPerson"
        },
        {
            "active": true,
            "birthDate": "1944-11-17",
            "gender": "male",
            "id": "100000030009",
            "identifier": [
                {
                    "system": "https://fhir.kemkes.go.id/id/ihs-number",
                    "use": "official",
                    "value": "100000030009"
                },
                {
                    "system": "https://fhir.kemkes.go.id/id/nik",
                    "use": "official",
                    "value": "98900189810231"
                }
            ],
            "name": [
                {
                    "text": "Budi Santoso",
                    "use": "official"
                }
            ],
            "relationship": [
                {
                    "coding": [
                        {
                            "code": "FTH",
                            "display": "Father",
                            "system": "http://terminology.hl7.org/CodeSystem/v3-RoleCode"
                        }
                    ]
                }
            ],
            "resourceType": "RelatedPerson"
        }
    ],
    "encounter": {
        "display": "Pemeriksaan Skrining Thyroid Stimulating Hormone (TSH) Total Kamis, 31 Agustus 2023 pukul 09:30 WIB",
        "reference": "Encounter/40bfadd4-4883-4ff8-b6a6-ee3cd67745aa"
    },
    "id": "0754d044-baa5-4cdf-b16a-bc4699e0886c",
    "identifier": [
        {
            "system": "http://sys-ids.kemkes.go.id/servicerequest/803adb26-0d28-4520-938f-1deb2c6c1145",
            "value": "47910"
        },
        {
            "system": "http://sys-ids.kemkes.go.id/referral-number",
            "value": "2000000034"
        }
    ],
    "intent": "original-order",
    "meta": {
        "lastUpdated": "2024-01-18T06:17:18.576442+00:00",
        "versionId": "MTcwNTU1ODYzODU3NjQ0MjAwMA"
    },
    "occurrenceDateTime": "2023-10-31T02:30:27+00:00",
    "performer": [
        {
            "display": "RS SatuSehat",
            "reference": "Organization/10000002"
        }
    ],
    "priority": "routine",
    "reasonCode": [
        {
            "text": "Suspek Hipotiroid Kongenital"
        }
    ],
    "requester": {
        "display": "Puskesmas Bagelen",
        "reference": "Organization/803adb26-0d28-4520-938f-1deb2c6c1145"
    },
    "resourceType": "ServiceRequest",
    "specimen": [
        {
            "reference": "Specimen/c10869a2-118f-497e-9255-0ded751ab872"
        }
    ],
    "status": "active",
    "subject": {
        "reference": "Patient/P02029385622"
    },
    "supportingInfo": [
        {
            "display": "Observation Berat Badan Lahir",
            "reference": "Observation/276816c5-6c01-41c9-9da2-d3204da494db"
        },
        {
            "display": "Observation Usia Kehamilan saat Lahir",
            "reference": "Observation/0a81cfe7-5a99-4f2f-97a0-ae14f5047a90"
        },
        {
            "display": "Apakahh dilakukan Transfusi darah pada ibu",
            "reference": "Procedure/7275f234-2869-4a24-8817-9a61acad8d30"
        },
        {
            "display": "Observasi kapan dilakukan transfusi",
            "reference": "Observation/1a9aeb9a-be38-4605-bdd1-1a33df71afe1"
        },
        {
            "display": "Observasi apakah ada kelainan",
            "reference": "Observation/ff95f6eb-4436-40d3-a0c2-1ba170688990"
        },
        {
            "display": "Observasi apakah ada wajah mongoloid",
            "reference": "Observation/d691071d-624c-4c4e-bc53-7cf8b59de99a"
        },
        {
            "display": "Jenis kelainan yang diidap",
            "reference": "Condition/6ba29eea-170e-4eef-bf08-53e92dd769fc"
        },
        {
            "display": "Apakah bayi sakit",
            "reference": "Observation/ab3b1f40-e64b-48cc-bc10-7286a1b18c29"
        },
        {
            "display": "Jenis penyakit yang diidap bayi",
            "reference": "Condition/8a895ab6-f91c-4957-bb6d-32236b556411"
        },
        {
            "display": "Apakah bayi diberikan obat",
            "reference": "Observation/f796f3e2-8cf9-493d-8cd8-ba16eaa909c9"
        },
        {
            "display": "Jenis dan dosis obat yang diberikan kepada bayi",
            "reference": "MedicationStatement/a2d7f22e-3b06-4e54-9e87-958d93e3b5ef"
        },
        {
            "display": "urutan pengiriman sampel",
            "reference": "Observation/de5e4215-d03c-48e7-aeb6-3965c504610a"
        }
    ]
}