{
    "resourceType": "Bundle",
    "type": "transaction",
    "entry": [
        {
            "fullUrl": "urn:uuid:{{Encounter_uuid}}",
            "resource": {
                "resourceType": "Encounter",
                "identifier": [
                    {
                        "system": "http://sys-ids.kemkes.go.id/encounter/{{Org_Perujuk_id}}",
                        "value": "{{Encounter_MRID}}"
                    }
                ],
                "status": "finished",
                "class": {
                    "system": "http://terminology.hl7.org/CodeSystem/v3-ActCode",
                    "code": "AMB",
                    "display": "ambulatory"
                },
                "subject": {
                    "reference": "Patient/{{Patient_ID}}",
                    "display": "{{Patient_Name}}"
                },
                "participant": [
                    {
                        "type": [
                            {
                                "coding": [
                                    {
                                        "system": "http://terminology.hl7.org/CodeSystem/v3-ParticipationType",
                                        "code": "ATND",
                                        "display": "attender"
                                    }
                                ]
                            }
                        ],
                        "individual": {
                            "reference": "Practitioner/{{Practitioner_ID}}",
                            "display": "{{Practitioner_Name}}"
                        }
                    }
                ],
                "period": {
                    "start": "{{Encounter_Start_DateTime}}",
                    "end": "{{Encounter_End_DateTime}}"
                },
                "location": [
                    {
                        "location": {
                            "reference": "Location/{{Location_uuid}}",
                            "display": "{{Location_Name}}"
                        }
                    }
                ],
                "statusHistory": [
                    {
                        "status": "arrived",
                        "period": {
                            "start": "{{Encounter_Start_DateTime}}",
                            "end": "{{Inprogress_Start_DateTime}}"
                        }
                    },
                    {
                        "status": "in-progress",
                        "period": {
                            "start": "{{Inprogress_Start_DateTime}}",
                            "end": "{{Encounter_End_DateTime}}"
                        }
                    },
                    {
                        "status": "finished",
                        "period": {
                            "start": "{{Encounter_End_DateTime}}",
                            "end": "{{Encounter_End_DateTime}}"
                        }
                    }
                ],
                "serviceProvider": {
                    "reference": "Organization/{{Org_Perujuk_id}}"
                }
            },
            "request": {
                "method": "POST",
                "url": "Encounter"
            }
        },
        {
            "fullUrl": "urn:uuid:{{ServiceRequest_uuid}}",
            "resource": {
                "resourceType": "ServiceRequest",
                "identifier": [
                    {
                        "system": "http://sys-ids.kemkes.go.id/servicerequest/{{Org_Perujuk_id}}",
                        "value": "{{ServiceRequest_MRID}}"
                    }
                ],
                "status": "active",
                "intent": "original-order",
                "priority": "routine",
                "category": [
                    {
                        "coding": [
                            {
                                "system": "http://snomed.info/sct",
                                "code": "108252007",
                                "display": "Laboratory procedure"
                            }
                        ]
                    },
                    {
                        "coding": [
                            {
                                "system": "http://snomed.info/sct",
                                "code": "3457005",
                                "display": "Patient referral"
                            }
                        ]
                    }
                ],
                "code": {
                    "coding": [
                        {
                            "system": "http://loinc.org",
                            "code": "29575-8",
                            "display": "Thyrotropin [Units/volume] in DBS"
                        }
                    ],
                    "text": "Pemeriksaan Skrining Thyroid Stimulating Hormone (TSH)"
                },
                "subject": {
                    "reference": "Patient/{{Patient_ID}}"
                },
                "encounter": {
                    "reference": "urn:uuid:{{Encounter_uuid}}",
                    "display": "Pemeriksaan Skrining Thyroid Stimulating Hormone (TSH) Total Kamis, 31 Agustus 2023 pukul 09:30 WIB"
                },
                "specimen": [
                    {
                        "reference": "urn:uuid:{{Specimen_uuid}}"
                    }
                ],
                "contained": [
                    {
                        "resourceType": "Patient",
                        "id": "{{Patient_ID}}",
                        "identifier": [
                            {
                                "system": "https://fhir.kemkes.go.id/id/ihs-number",
                                "use": "official",
                                "value": "{{Patient_ID}}"
                            }
                        ],
                        "active": true,
                        "name": [
                            {
                                "use": "official",
                                "text": "John Smith"
                            }
                        ],
                        "gender": "male",
                        "birthDate": "2023-11-28",
                        "multipleBirthInteger": 0
                    },
                    {
                        "resourceType": "RelatedPerson",
                        "id": "P02029381697",
                        "identifier": [
                            {
                                "system": "https://fhir.kemkes.go.id/id/ihs-number",
                                "use": "official",
                                "value": "P02029381697"
                            },
                            {
                                "system": "https://fhir.kemkes.go.id/id/nik",
                                "use": "official",
                                "value": "98900128321123"
                            }
                        ],
                        "active": true,
                        "name": [
                            {
                                "use": "official",
                                "text": "SRI SARTIKA DEWI"
                            }
                        ],
                        "relationship": [
                            {
                                "coding": [
                                    {
                                        "system": "http://terminology.hl7.org/CodeSystem/v3-RoleCode",
                                        "code": "MTH",
                                        "display": "mother"
                                    }
                                ]
                            }
                        ],
                        "gender": "female",
                        "birthDate": "1996-07-06"
                    },
                    {
                        "resourceType": "RelatedPerson",
                        "id": "100000030009",
                        "identifier": [
                            {
                                "system": "https://fhir.kemkes.go.id/id/ihs-number",
                                "use": "official",
                                "value": "100000030009"
                            },
                            {
                                "system": "https://fhir.kemkes.go.id/id/nik",
                                "use": "official",
                                "value": "98900189810231"
                            }
                        ],
                        "active": true,
                        "name": [
                            {
                                "use": "official",
                                "text": "Budi Santoso"
                            }
                        ],
                        "relationship": [
                            {
                                "coding": [
                                    {
                                        "system": "http://terminology.hl7.org/CodeSystem/v3-RoleCode",
                                        "code": "FTH",
                                        "display": "Father"
                                    }
                                ]
                            }
                        ],
                        "gender": "male",
                        "birthDate": "1944-11-17"
                    }
                ],
                "supportingInfo": [
                    {
                        "reference": "urn:uuid:e77e0ddf-523c-4304-a5b6-c765bbbbf430"
                    },
                    {
                        "reference": "urn:uuid:1a3a37dd-6174-4919-a577-b5893756ef7a"
                    },
                    {
                        "reference": "urn:uuid:bb3c78db-5df3-48c7-97f9-90fa467d3b44"
                    },
                    {
                        "reference": "urn:uuid:a67d9790-df7e-4b0a-9fb0-f90a2e569da4"
                    },
                    {
                        "reference": "urn:uuid:49ce28c7-74d2-4051-8ab3-10bd8358a2a8"
                    },
                    {
                        "reference": "urn:uuid:d2df7fa0-8705-4e6b-87dd-56a6e4666096"
                    },
                    {
                        "reference": "urn:uuid:21c9ffa4-66b8-4f20-9b19-61dabdb3fbe9"
                    },
                    {
                        "reference": "urn:uuid:293b5f4b-efcb-49ad-8e85-1f835bff4adb"
                    },
                    {
                        "reference": "urn:uuid:1c6f4eeb-f069-423f-8277-0d1b653f2a6a"
                    },
                    {
                        "reference": "urn:uuid:e3870406-a5ee-4bf5-aa42-4a8f88502948"
                    },
                    {
                        "reference": "urn:uuid:c088db69-9ab2-403c-9019-0746024896be"
                    },
                    {
                        "reference": "urn:uuid:310b1fce-b4ca-4f19-9e83-0e82137566fd"
                    }
                ],
                "occurrenceDateTime": "2023-10-31T02:30:27+00:00",
                "authoredOn": "2023-10-31T05:30:27+00:00",
                "requester": {
                    "reference": "Organization/{{Org_Perujuk_id}}",
                    "display": "Puskesmas Bagelen"
                },
                "performer": [
                    {
                        "reference": "Organization/ea4d0520-1459-4184-a6f9-80c8bcee25d2",
                        "display": "Klinik Yudhistira Sehat Persada"
                    }
                ],
                "reasonCode": [
                    {
                        "text": "Suspek Hipotiroid Kongenital"
                    }
                ]
            },
            "request": {
                "method": "POST",
                "url": "ServiceRequest"
            }
        },
        {
            "fullUrl": "urn:uuid:{{Specimen_uuid}}",
            "resource": {
                "resourceType": "Specimen",
                "identifier": [
                    {
                        "system": "http://sys-ids.kemkes.go.id/specimen/{{Org_Perujuk_id}}",
                        "value": "157502856",
                        "assigner": {
                            "reference": "Organization/{{Org_Perujuk_id}}"
                        }
                    }
                ],
                "status": "available",
                "type": {
                    "coding": [
                        {
                            "system": "http://snomed.info/sct",
                            "code": "119294007",
                            "display": "Dried blood specimen"
                        }
                    ]
                },
                "collection": {
                    "collectedDateTime": "2023-10-31T01:15:00+00:00",
                    "extension": [
                        {
                            "url": "https://fhir.kemkes.go.id/r4/StructureDefinition/ServiceClass",
                            "valueReference": {
                                "reference": "Organization/{{Org_Perujuk_id}}"
                            }
                        }
                    ],
                    "bodySite": {
                        "coding": [
                            {
                                "system": "http://snomed.info/sct",
                                "code": "29092000",
                                "display": "Venous structure"
                            }
                        ]
                    }
                },
                "subject": {
                    "reference": "Patient/{{Patient_ID}}",
                    "display": "An. Ny. Smith"
                },
                "request": [
                    {
                        "reference": "urn:uuid:{{ServiceRequest_uuid}}"
                    }
                ],
                "extension": [
                    {
                        "url": "https://fhir.kemkes.go.id/r4/StructureDefinition/TransportedTime",
                        "valueDateTime": "2023-10-31T01:23:00+00:00"
                    },
                    {
                        "url": "https://fhir.kemkes.go.id/r4/StructureDefinition/TrasnsportedPerson",
                        "valueContactDetail": {
                            "name": "Gojek",
                            "telecom": [
                                {
                                    "system": "phone",
                                    "value": "123-456-7890"
                                }
                            ]
                        }
                    },
                    {
                        "url": "https://fhir.kemkes.go.id/r4/StructureDefinition/ReceivedPerson",
                        "valueReference": {
                            "reference": "Practitioner/N10000001",
                            "display": "Dokter Bronsig"
                        }
                    }
                ]
            },
            "request": {
                "method": "POST",
                "url": "Specimen"
            }
        },
        {
            "fullUrl": "urn:uuid:e77e0ddf-523c-4304-a5b6-c765bbbbf430",
            "resource": {
                "resourceType": "Observation",
                "status": "final",
                "category": [
                    {
                        "coding": [
                            {
                                "system": "http://terminology.hl7.org/CodeSystem/observation-category",
                                "code": "survey",
                                "display": "Survey"
                            }
                        ]
                    }
                ],
                "code": {
                    "coding": [
                        {
                            "system": "http://loinc.org",
                            "code": "8339-4",
                            "display": "Birth weight Measured"
                        }
                    ]
                },
                "subject": {
                    "reference": "Patient/{{Patient_ID}}",
                    "display": "An. Ny. Smith"
                },
                "encounter": {
                    "reference": "urn:uuid:{{Encounter_uuid}}"
                },
                "effectiveDateTime": "2023-10-31T01:00:00+00:00",
                "issued": "2023-10-31T01:00:00+00:00",
                "performer": [
                    {
                        "reference": "Practitioner/N10000001"
                    }
                ],
                "valueQuantity": {
                    "value": 4510,
                    "unit": "g",
                    "system": "http://unitsofmeasure.org",
                    "code": "g"
                }
            },
            "request": {
                "method": "POST",
                "url": "Observation"
            }
        },
        {
            "fullUrl": "urn:uuid:1a3a37dd-6174-4919-a577-b5893756ef7a",
            "resource": {
                "resourceType": "Observation",
                "status": "final",
                "category": [
                    {
                        "coding": [
                            {
                                "system": "http://terminology.hl7.org/CodeSystem/observation-category",
                                "code": "survey",
                                "display": "Survey"
                            }
                        ]
                    }
                ],
                "code": {
                    "coding": [
                        {
                            "system": "http://loinc.org",
                            "code": "76516-4",
                            "display": "Gestational age--at birth"
                        }
                    ]
                },
                "subject": {
                    "reference": "Patient/{{Patient_ID}}",
                    "display": "An. Ny. Smith"
                },
                "encounter": {
                    "reference": "urn:uuid:{{Encounter_uuid}}"
                },
                "effectiveDateTime": "2023-10-31T01:00:00+00:00",
                "issued": "2023-10-31T01:00:00+00:00",
                "performer": [
                    {
                        "reference": "Practitioner/N10000001"
                    }
                ],
                "valueQuantity": {
                    "value": 35,
                    "unit": "wk",
                    "system": "http://unitsofmeasure.org",
                    "code": "wk"
                },
                "referenceRange": [
                    {
                        "high": {
                            "value": 37,
                            "unit": "wk",
                            "system": "http://unitsofmeasure.org",
                            "code": "wk"
                        },
                        "type": {
                            "coding": [
                                {
                                    "system": "http://snomed.info/sct",
                                    "code": "367494004",
                                    "display": "Premature birth of newborn"
                                }
                            ]
                        }
                    }
                ],
                "interpretation": [
                    {
                        "coding": [
                            {
                                "system": "http://snomed.info/sct",
                                "code": "367494004",
                                "display": "Premature birth of newborn"
                            }
                        ]
                    }
                ]
            },
            "request": {
                "method": "POST",
                "url": "Observation"
            }
        },
        {
            "fullUrl": "urn:uuid:bb3c78db-5df3-48c7-97f9-90fa467d3b44",
            "resource": {
                "resourceType": "Procedure",
                "status": "completed",
                "category": {
                    "coding": [
                        {
                            "system": "http://snomed.info/sct",
                            "code": "161664006",
                            "display": "History of blood transfusion"
                        }
                    ]
                },
                "code": {
                    "coding": [
                        {
                            "system": "http://terminology.kemkes.go.id/CodeSystem/clinical-term",
                            "code": "PC000016",
                            "display": "Riwayat transfusi darah ibu"
                        }
                    ]
                },
                "subject": {
                    "reference": "Patient/{{Patient_ID}}",
                    "display": "Ny. Jane Smith"
                },
                "encounter": {
                    "reference": "urn:uuid:{{Encounter_uuid}}"
                },
                "performedPeriod": {
                    "start": "2023-10-28T01:00:00+00:00",
                    "end": "2023-10-28T01:20:00+00:00"
                },
                "performer": [
                    {
                        "actor": {
                            "reference": "Practitioner/N10000002",
                            "display": "Ns. Fahma"
                        }
                    }
                ],
                "asserter": {
                    "reference": "Practitioner/N10000001",
                    "display": "dr. Bronsig"
                }
            },
            "request": {
                "method": "POST",
                "url": "Procedure"
            }
        },
        {
            "fullUrl": "urn:uuid:a67d9790-df7e-4b0a-9fb0-f90a2e569da4",
            "resource": {
                "resourceType": "Observation",
                "status": "final",
                "partOf": [
                    {
                        "reference": "urn:uuid:bb3c78db-5df3-48c7-97f9-90fa467d3b44"
                    }
                ],
                "category": [
                    {
                        "coding": [
                            {
                                "system": "http://terminology.hl7.org/CodeSystem/observation-category",
                                "code": "survey",
                                "display": "Survey"
                            }
                        ]
                    }
                ],
                "code": {
                    "coding": [
                        {
                            "system": "http://terminology.kemkes.go.id/CodeSystem/clinical-term",
                            "code": "OC000139",
                            "display": "Waktu terakhir kali ibu diberikan transfusi darah"
                        }
                    ]
                },
                "subject": {
                    "reference": "Patient/{{Patient_ID}}",
                    "display": "An. Ny. Smith"
                },
                "encounter": {
                    "reference": "urn:uuid:{{Encounter_uuid}}"
                },
                "effectiveDateTime": "2023-10-31T01:00:00+00:00",
                "issued": "2023-10-31T01:00:00+00:00",
                "performer": [
                    {
                        "reference": "Practitioner/N10000001"
                    }
                ],
                "valueDateTime": "2023-10-28T01:20:00+00:00"
            },
            "request": {
                "method": "POST",
                "url": "Observation"
            }
        },
        {
            "fullUrl": "urn:uuid:49ce28c7-74d2-4051-8ab3-10bd8358a2a8",
            "resource": {
                "resourceType": "Observation",
                "status": "final",
                "category": [
                    {
                        "coding": [
                            {
                                "system": "http://terminology.hl7.org/CodeSystem/observation-category",
                                "code": "exam",
                                "display": "Exam"
                            }
                        ]
                    }
                ],
                "code": {
                    "coding": [
                        {
                            "system": "http://terminology.kemkes.go.id/CodeSystem/clinical-term",
                            "code": "OC000141",
                            "display": "Ada kelainan bawaan"
                        }
                    ]
                },
                "subject": {
                    "reference": "Patient/{{Patient_ID}}",
                    "display": "An. Ny. Smith"
                },
                "encounter": {
                    "reference": "urn:uuid:{{Encounter_uuid}}"
                },
                "effectiveDateTime": "2023-10-31T01:00:00+00:00",
                "issued": "2023-10-31T01:00:00+00:00",
                "performer": [
                    {
                        "reference": "Practitioner/N10000001"
                    }
                ],
                "valueBoolean": true
            },
            "request": {
                "method": "POST",
                "url": "Observation"
            }
        },
        {
            "fullUrl": "urn:uuid:d2df7fa0-8705-4e6b-87dd-56a6e4666096",
            "resource": {
                "resourceType": "Observation",
                "status": "final",
                "category": [
                    {
                        "coding": [
                            {
                                "system": "http://terminology.hl7.org/CodeSystem/observation-category",
                                "code": "exam",
                                "display": "Exam"
                            }
                        ]
                    }
                ],
                "code": {
                    "coding": [
                        {
                            "system": "http://terminology.kemkes.go.id/CodeSystem/clinical-term",
                            "code": "OC000142",
                            "display": "Wajah mongoloid"
                        }
                    ]
                },
                "subject": {
                    "reference": "Patient/{{Patient_ID}}",
                    "display": "An. Ny. Smith"
                },
                "encounter": {
                    "reference": "urn:uuid:{{Encounter_uuid}}"
                },
                "effectiveDateTime": "2023-10-31T01:00:00+00:00",
                "issued": "2023-10-31T01:00:00+00:00",
                "performer": [
                    {
                        "reference": "Practitioner/N10000001"
                    }
                ],
                "valueBoolean": true
            },
            "request": {
                "method": "POST",
                "url": "Observation"
            }
        },
        {
            "fullUrl": "urn:uuid:21c9ffa4-66b8-4f20-9b19-61dabdb3fbe9",
            "resource": {
                "resourceType": "Condition",
                "identifier": {
                    "system": "http://sys-ids.kemkes.go.id/condition/{{Org_Perujuk_id}}",
                    "value": "1234"
                },
                "clinicalStatus": {
                    "coding": [
                        {
                            "system": "http://terminology.hl7.org/CodeSystem/condition-clinical",
                            "code": "active",
                            "display": "Active"
                        }
                    ]
                },
                "category": [
                    {
                        "coding": [
                            {
                                "system": "http://terminology.hl7.org/CodeSystem/condition-category",
                                "code": "problem-list-item",
                                "display": "Problem List Item"
                            }
                        ]
                    }
                ],
                "code": {
                    "coding": [
                        {
                            "system": "http://snomed.info/sct",
                            "code": "879939002",
                            "display": "14q32 deletion syndrome"
                        }
                    ]
                },
                "encounter": {
                    "reference": "urn:uuid:{{Encounter_uuid}}"
                },
                "subject": {
                    "reference": "Patient/{{Patient_ID}}"
                },
                "recordedDate": "2023-10-31T02:00:00+00:00",
                "recorder": {
                    "reference": "Practitioner/N10000001"
                }
            },
            "request": {
                "method": "POST",
                "url": "Condition"
            }
        },
        {
            "fullUrl": "urn:uuid:293b5f4b-efcb-49ad-8e85-1f835bff4adb",
            "resource": {
                "resourceType": "Observation",
                "status": "final",
                "category": [
                    {
                        "coding": [
                            {
                                "system": "http://terminology.hl7.org/CodeSystem/observation-category",
                                "code": "exam",
                                "display": "Exam"
                            }
                        ]
                    }
                ],
                "code": {
                    "coding": [
                        {
                            "system": "http://snomed.info/sct",
                            "code": "275142008",
                            "display": "Sick child"
                        }
                    ]
                },
                "subject": {
                    "reference": "Patient/{{Patient_ID}}",
                    "display": "An. Ny. Smith"
                },
                "encounter": {
                    "reference": "urn:uuid:{{Encounter_uuid}}"
                },
                "effectiveDateTime": "2023-10-31T01:00:00+00:00",
                "issued": "2023-10-31T01:00:00+00:00",
                "performer": [
                    {
                        "reference": "Practitioner/N10000001"
                    }
                ],
                "valueBoolean": true
            },
            "request": {
                "method": "POST",
                "url": "Observation"
            }
        },
        {
            "fullUrl": "urn:uuid:1c6f4eeb-f069-423f-8277-0d1b653f2a6a",
            "resource": {
                "resourceType": "Condition",
                "identifier": {
                    "system": "http://sys-ids.kemkes.go.id/condition/{{Org_Perujuk_id}}",
                    "value": ""
                },
                "clinicalStatus": {
                    "coding": [
                        {
                            "system": "http://terminology.hl7.org/CodeSystem/condition-clinical",
                            "code": "active",
                            "display": "Active"
                        }
                    ]
                },
                "category": [
                    {
                        "coding": [
                            {
                                "system": "http://terminology.hl7.org/CodeSystem/condition-category",
                                "code": "problem-list-item",
                                "display": "Problem List Item"
                            }
                        ]
                    }
                ],
                "code": {
                    "coding": [
                        {
                            "system": "http://snomed.info/sct",
                            "code": "472959005",
                            "display": "History of acute lower respiratory tract infection"
                        }
                    ]
                },
                "encounter": {
                    "reference": "urn:uuid:{{Encounter_uuid}}"
                },
                "subject": {
                    "reference": "Patient/{{Patient_ID}}"
                },
                "recordedDate": "2023-10-31T02:00:00+00:00",
                "recorder": {
                    "reference": "Practitioner/N10000001"
                }
            },
            "request": {
                "method": "POST",
                "url": "Condition"
            }
        },
        {
            "fullUrl": "urn:uuid:e3870406-a5ee-4bf5-aa42-4a8f88502948",
            "resource": {
                "resourceType": "Observation",
                "status": "final",
                "category": [
                    {
                        "coding": [
                            {
                                "system": "http://terminology.hl7.org/CodeSystem/observation-category",
                                "code": "exam",
                                "display": "Exam"
                            }
                        ]
                    }
                ],
                "code": {
                    "coding": [
                        {
                            "system": "http://snomed.info/sct",
                            "code": "129019007",
                            "display": "Taking medication"
                        }
                    ]
                },
                "subject": {
                    "reference": "Patient/{{Patient_ID}}",
                    "display": "An. Ny. Smith"
                },
                "encounter": {
                    "reference": "urn:uuid:{{Encounter_uuid}}"
                },
                "effectiveDateTime": "2023-10-31T01:00:00+00:00",
                "issued": "2023-10-31T01:00:00+00:00",
                "performer": [
                    {
                        "reference": "Practitioner/N10000001"
                    }
                ],
                "valueBoolean": true
            },
            "request": {
                "method": "POST",
                "url": "Observation"
            }
        },
        {
            "fullUrl": "urn:uuid:c088db69-9ab2-403c-9019-0746024896be",
            "resource": {
                "resourceType": "MedicationStatement",
                "identifier": {
                    "system": "http://sys-ids.kemkes.go.id/medicationstatement/{{Org_Perujuk_id}}",
                    "value": "66558"
                },
                "status": "completed",
                "category": {
                    "coding": [
                        {
                            "system": "http://terminology.hl7.org/CodeSystem/medication-statement-category",
                            "code": "community",
                            "display": "Community"
                        }
                    ]
                },
                "medicationCodeableConcept": {
                    "coding": [
                        {
                            "system": "http://sys-ids.kemkes.go.id/kfa",
                            "code": "92001092",
                            "display": "Paracetamol 100 mg/mL Drops"
                        }
                    ]
                },
                "subject": {
                    "reference": "Patient/{{Patient_ID}}"
                },
                "effectivePeriod": {
                    "start": "2023-10-28T00:00:00+00:00",
                    "end": "2023-10-31T00:00:00+00:00"
                },
                "context": {
                    "reference": "urn:uuid:{{Encounter_uuid}}"
                },
                "informationSource": {
                    "reference": "Patient/{{Patient_ID}}"
                },
                "dosage": [
                    {
                        "patientInstruction": "diberikan 3x 10mg sehari",
                        "doseAndRate": [
                            {
                                "doseQuantity": {
                                    "value": 10,
                                    "unit": "mg",
                                    "system": "http://unitsofmeasure.org",
                                    "code": "mg"
                                }
                            }
                        ],
                        "timing": {
                            "repeat": {
                                "frequency": 3,
                                "period": 1,
                                "periodUnit": "d"
                            }
                        }
                    }
                ]
            },
            "request": {
                "method": "POST",
                "url": "MedicationStatement"
            }
        },
        {
            "fullUrl": "urn:uuid:310b1fce-b4ca-4f19-9e83-0e82137566fd",
            "resource": {
                "resourceType": "Observation",
                "status": "final",
                "category": [
                    {
                        "coding": [
                            {
                                "system": "http://terminology.hl7.org/CodeSystem/observation-category",
                                "code": "exam",
                                "display": "Exam"
                            }
                        ]
                    }
                ],
                "code": {
                    "coding": [
                        {
                            "system": "http://terminology.kemkes.go.id/CodeSystem/clinical-term",
                            "code": "OC000145",
                            "display": "Urutan Pengiriman Sampel"
                        }
                    ]
                },
                "subject": {
                    "reference": "Patient/{{Patient_ID}}",
                    "display": "An. Ny. Smith"
                },
                "encounter": {
                    "reference": "urn:uuid:{{Encounter_uuid}}"
                },
                "effectiveDateTime": "2023-10-31T01:00:00+00:00",
                "issued": "2023-10-31T01:00:00+00:00",
                "performer": [
                    {
                        "reference": "Practitioner/N10000001"
                    }
                ],
                "valueInteger": 2,
                "specimen": {
                    "reference": "urn:uuid:{{Specimen_uuid}}"
                }
            },
            "request": {
                "method": "POST",
                "url": "Observation"
            }
        }
    ]
}