{
    "resourceType": "Bundle",
    "type": "transaction",
    "entry": [
        {
            "fullUrl": "urn:uuid:7bb41878-3078-4e22-84b5-58b7a7b5d4dd",
            "resource": {
                "resourceType": "Encounter",
                "identifier": [
                    {
                        "system": "http://sys-ids.kemkes.go.id/encounter/10083042",
                        "value": "P2024P65985"
                    }
                ],
                "status": "finished",
                "class": {
                    "system": "http://terminology.hl7.org/CodeSystem/v3-ActCode",
                    "code": "AMB",
                    "display": "ambulatory"
                },
                "subject": {
                    "reference": "Patient/P02029385622",
                    "display": "By. John Smith"
                },
                "participant": [
                    {
                        "type": [
                            {
                                "coding": [
                                    {
                                        "system": "http://terminology.hl7.org/CodeSystem/v3-ParticipationType",
                                        "code": "ATND",
                                        "display": "attender"
                                    }
                                ]
                            }
                        ],
                        "individual": {
                            "reference": "Practitioner/N10000001",
                            "display": "Dokter Bronsig"
                        }
                    }
                ],
                "period": {
                    "start": "2023-08-31T07:00:00+00:00",
                    "end": "2023-08-31T09:00:00+00:00"
                },
                "location": [
                    {
                        "location": {
                            "reference": "Location/6e2536d0-416f-43f2-b714-02ca66f11507",
                            "display": "Ruang PONED A, Departemen KIA"
                        }
                    }
                ],
                "statusHistory": [
                    {
                        "status": "arrived",
                        "period": {
                            "start": "2023-08-31T07:00:00+00:00",
                            "end": "2023-08-31T08:00:00+00:00"
                        }
                    },
                    {
                        "status": "in-progress",
                        "period": {
                            "start": "2023-08-31T08:00:00+00:00",
                            "end": "2023-08-31T09:00:00+00:00"
                        }
                    },
                    {
                        "status": "finished",
                        "period": {
                            "start": "2023-08-31T09:00:00+00:00",
                            "end": "2023-08-31T09:00:00+00:00"
                        }
                    }
                ],
                "serviceProvider": {
                    "reference": "Organization/10083042"
                }
            },
            "request": {
                "method": "POST",
                "url": "Encounter"
            }
        },
        {
            "fullUrl": "urn:uuid:d43d5ac7-d60e-495b-8457-8906167906f9",
            "resource": {
                "resourceType": "ServiceRequest",
                "identifier": [
                    {
                        "system": "http://sys-ids.kemkes.go.id/servicerequest/10083042",
                        "value": "26017"
                    }
                ],
                "status": "active",
                "intent": "original-order",
                "priority": "routine",
                "category": [
                    {
                        "coding": [
                            {
                                "system": "http://snomed.info/sct",
                                "code": "108252007",
                                "display": "Laboratory procedure"
                            }
                        ]
                    },
                    {
                        "coding": [
                            {
                                "system": "http://snomed.info/sct",
                                "code": "3457005",
                                "display": "Patient referral"
                            }
                        ]
                    }
                ],
                "code": {
                    "coding": [
                        {
                            "system": "http://loinc.org",
                            "code": "29575-8",
                            "display": "Thyrotropin [Units/volume] in DBS"
                        }
                    ],
                    "text": "Pemeriksaan Skrining Thyroid Stimulating Hormone (TSH)"
                },
                "subject": {
                    "reference": "Patient/P02029385622"
                },
                "encounter": {
                    "reference": "urn:uuid:7bb41878-3078-4e22-84b5-58b7a7b5d4dd",
                    "display": "Pemeriksaan Skrining Thyroid Stimulating Hormone (TSH) Total Kamis, 31 Agustus 2023 pukul 09:30 WIB"
                },
                "specimen": [
                    {
                        "reference": "urn:uuid:e22f70c7-a7c9-407b-8d99-6a307c2f2e8c"
                    }
                ],
                "contained": [
                    {
                        "resourceType": "Patient",
                        "id": "P02029385622",
                        "identifier": [
                            {
                                "system": "https://fhir.kemkes.go.id/id/ihs-number",
                                "use": "official",
                                "value": "P02029385622"
                            }
                        ],
                        "active": true,
                        "name": [
                            {
                                "use": "official",
                                "text": "John Smith"
                            }
                        ],
                        "gender": "male",
                        "birthDate": "2023-11-28",
                        "multipleBirthInteger": 0
                    },
                    {
                        "resourceType": "RelatedPerson",
                        "id": "P02029381697",
                        "identifier": [
                            {
                                "system": "https://fhir.kemkes.go.id/id/ihs-number",
                                "use": "official",
                                "value": "P02029381697"
                            },
                            {
                                "system": "https://fhir.kemkes.go.id/id/nik",
                                "use": "official",
                                "value": "98900128321123"
                            }
                        ],
                        "active": true,
                        "name": [
                            {
                                "use": "official",
                                "text": "SRI SARTIKA DEWI"
                            }
                        ],
                        "relationship": [
                            {
                                "coding": [
                                    {
                                        "system": "http://terminology.hl7.org/CodeSystem/v3-RoleCode",
                                        "code": "FAMMEMB",
                                        "display": "family member"
                                    }
                                ]
                            }
                        ],
                        "gender": "female",
                        "birthDate": "1996-07-06"
                    },
                    {
                        "resourceType": "RelatedPerson",
                        "id": "100000030009",
                        "identifier": [
                            {
                                "system": "https://fhir.kemkes.go.id/id/ihs-number",
                                "use": "official",
                                "value": "100000030009"
                            },
                            {
                                "system": "https://fhir.kemkes.go.id/id/nik",
                                "use": "official",
                                "value": "98900189810231"
                            }
                        ],
                        "active": true,
                        "name": [
                            {
                                "use": "official",
                                "text": "Budi Santoso"
                            }
                        ],
                        "relationship": [
                            {
                                "coding": [
                                    {
                                        "system": "http://terminology.hl7.org/CodeSystem/v3-RoleCode",
                                        "code": "FAMMEMB",
                                        "display": "family member"
                                    }
                                ]
                            }
                        ],
                        "gender": "male",
                        "birthDate": "1944-11-17"
                    }
                ],
                "supportingInfo": [
                    {
                        "reference": "urn:uuid:aab7a464-512f-48ce-9f3f-082471437ed3"
                    },
                    {
                        "reference": "urn:uuid:90cec9b8-06a1-44ad-b3b8-fee8e9e75033"
                    },
                    {
                        "reference": "urn:uuid:6a45f751-67d6-4bff-b12f-43f8cee27c41"
                    },
                    {
                        "reference": "urn:uuid:57b7a45c-bf92-4af0-808e-2995cb70aea6"
                    },
                    {
                        "reference": "urn:uuid:6a509459-110e-4490-aed2-0c4712283529"
                    },
                    {
                        "reference": "urn:uuid:f218f4cd-785e-4bb3-b568-930b9703a248"
                    },
                    {
                        "reference": "urn:uuid:fd790b4e-ce7c-4450-a371-0c0fd0fd1ca1"
                    },
                    {
                        "reference": "urn:uuid:f6b4c890-81c7-4c7e-a338-16700d044e46"
                    }
                ],
                "occurrenceDateTime": "2023-08-31T02:30:27+00:00",
                "authoredOn": "2023-08-31T05:30:27+00:00",
                "requester": {
                    "reference": "Organization/10083042",
                    "display": "Puskesmas Bagelen"
                },
                "performer": [
                    {
                        "reference": "Organization/ea4d0520-1459-4184-a6f9-80c8bcee25d2",
                        "display": "Klinik Yudhistira Sehat Persada"
                    }
                ],
                "reasonCode": [
                    {
                        "text": "Suspek Hipotiroid Kongenital"
                    }
                ]
            },
            "request": {
                "method": "POST",
                "url": "ServiceRequest"
            }
        },
        {
            "fullUrl": "urn:uuid:e22f70c7-a7c9-407b-8d99-6a307c2f2e8c",
            "resource": {
                "resourceType": "Specimen",
                "identifier": [
                    {
                        "system": "http://sys-ids.kemkes.go.id/specimen/10083042",
                        "value": "26017",
                        "assigner": {
                            "reference": "Organization/10083042"
                        }
                    }
                ],
                "status": "available",
                "type": {
                    "coding": [
                        {
                            "system": "http://snomed.info/sct",
                            "code": "119294007",
                            "display": "Dried blood specimen"
                        }
                    ]
                },
                "collection": {
                    "collectedDateTime": "2023-08-31T01:15:00+00:00",
                    "extension": [
                        {
                            "url": "https://fhir.kemkes.go.id/r4/StructureDefinition/ServiceClass",
                            "valueReference": {
                                "reference": "Organization/10083042"
                            }
                        }
                    ],
                    "bodySite": {
                        "coding": [
                            {
                                "system": "http://snomed.info/sct",
                                "code": "29092000",
                                "display": "Venous structure"
                            }
                        ]
                    }
                },
                "subject": {
                    "reference": "Patient/P02029385622",
                    "display": "An. Ny. Smith"
                },
                "request": [
                    {
                        "reference": "urn:uuid:d43d5ac7-d60e-495b-8457-8906167906f9"
                    }
                ],
                "extension": [
                    {
                        "url": "https://fhir.kemkes.go.id/r4/StructureDefinition/TransportedTime",
                        "valueDateTime": "2023-08-31T01:23:00+00:00"
                    },
                    {
                        "url": "https://fhir.kemkes.go.id/r4/StructureDefinition/TrasnsportedPerson",
                        "valueContactDetail": {
                            "name": "Gojek",
                            "telecom": [
                                {
                                    "system": "phone",
                                    "value": "123-456-7890"
                                }
                            ]
                        }
                    },
                    {
                        "url": "https://fhir.kemkes.go.id/r4/StructureDefinition/ReceivedPerson",
                        "valueReference": {
                            "reference": "Practitioner/N10000001",
                            "display": "Dokter Bronsig"
                        }
                    }
                ]
            },
            "request": {
                "method": "POST",
                "url": "Specimen"
            }
        },
        {
            "fullUrl": "urn:uuid:aab7a464-512f-48ce-9f3f-082471437ed3",
            "resource": {
                "resourceType": "Observation",
                "status": "final",
                "category": [
                    {
                        "coding": [
                            {
                                "system": "http://terminology.hl7.org/CodeSystem/observation-category",
                                "code": "survey",
                                "display": "Survey"
                            }
                        ]
                    }
                ],
                "code": {
                    "coding": [
                        {
                            "system": "http://loinc.org",
                            "code": "8339-4",
                            "display": "Birth weight Measured"
                        }
                    ]
                },
                "subject": {
                    "reference": "Patient/P02029385622",
                    "display": "An. Ny. Smith"
                },
                "encounter": {
                    "reference": "urn:uuid:7bb41878-3078-4e22-84b5-58b7a7b5d4dd"
                },
                "effectiveDateTime": "2023-10-31T01:00:00+00:00",
                "issued": "2023-10-31T01:00:00+00:00",
                "performer": [
                    {
                        "reference": "Practitioner/N10000001"
                    }
                ],
                "valueQuantity": {
                    "value": 4510,
                    "unit": "g",
                    "system": "http://unitsofmeasure.org",
                    "code": "g"
                }
            },
            "request": {
                "method": "POST",
                "url": "Observation"
            }
        },
        {
            "fullUrl": "urn:uuid:90cec9b8-06a1-44ad-b3b8-fee8e9e75033",
            "resource": {
                "resourceType": "Observation",
                "status": "final",
                "category": [
                    {
                        "coding": [
                            {
                                "system": "http://terminology.hl7.org/CodeSystem/observation-category",
                                "code": "survey",
                                "display": "Survey"
                            }
                        ]
                    }
                ],
                "code": {
                    "coding": [
                        {
                            "system": "http://loinc.org",
                            "code": "76516-4",
                            "display": "Gestational age--at birth"
                        }
                    ]
                },
                "subject": {
                    "reference": "Patient/P02029385622",
                    "display": "An. Ny. Smith"
                },
                "encounter": {
                    "reference": "urn:uuid:7bb41878-3078-4e22-84b5-58b7a7b5d4dd"
                },
                "effectiveDateTime": "2023-10-31T01:00:00+00:00",
                "issued": "2023-10-31T01:00:00+00:00",
                "performer": [
                    {
                        "reference": "Practitioner/N10000001"
                    }
                ],
                "valueQuantity": {
                    "value": 38,
                    "unit": "wk",
                    "system": "http://unitsofmeasure.org",
                    "code": "wk"
                },
                "referenceRange": [
                    {
                        "high": {
                            "value": 37,
                            "unit": "wk",
                            "system": "http://unitsofmeasure.org",
                            "code": "wk"
                        },
                        "type": {
                            "coding": [
                                {
                                    "system": "http://snomed.info/sct",
                                    "code": "367494004",
                                    "display": "Premature birth of newborn"
                                }
                            ]
                        }
                    }
                ],
                "interpretation": [
                    {
                        "coding": [
                            {
                                "system": "http://snomed.info/sct",
                                "code": "169961004",
                                "display": "Normal birth"
                            }
                        ]
                    }
                ]
            },
            "request": {
                "method": "POST",
                "url": "Observation"
            }
        },
        {
            "fullUrl": "urn:uuid:6a45f751-67d6-4bff-b12f-43f8cee27c41",
            "resource": {
                "resourceType": "Procedure",
                "status": "not-done",
                "category": {
                    "coding": [
                        {
                            "system": "http://snomed.info/sct",
                            "code": "161664006",
                            "display": "History of blood transfusion"
                        }
                    ]
                },
                "code": {
                    "coding": [
                        {
                            "system": "http://terminology.kemkes.go.id/CodeSystem/clinical-term",
                            "code": "PC000016",
                            "display": "Riwayat transfusi darah ibu"
                        }
                    ]
                },
                "subject": {
                    "reference": "Patient/P02029385622",
                    "display": "Ny. Jane Smith"
                },
                "encounter": {
                    "reference": "urn:uuid:7bb41878-3078-4e22-84b5-58b7a7b5d4dd"
                },
                "performedPeriod": {
                    "start": "2023-08-31T01:00:00+00:00",
                    "end": "2023-08-31T01:20:00+00:00"
                },
                "performer": [
                    {
                        "actor": {
                            "reference": "Practitioner/N10000002",
                            "display": "Ns. Fahma"
                        }
                    }
                ],
                "asserter": {
                    "reference": "Practitioner/N10000001",
                    "display": "dr. Bronsig"
                }
            },
            "request": {
                "method": "POST",
                "url": "Procedure"
            }
        },
        {
            "fullUrl": "urn:uuid:57b7a45c-bf92-4af0-808e-2995cb70aea6",
            "resource": {
                "resourceType": "Observation",
                "status": "final",
                "category": [
                    {
                        "coding": [
                            {
                                "system": "http://terminology.hl7.org/CodeSystem/observation-category",
                                "code": "exam",
                                "display": "Exam"
                            }
                        ]
                    }
                ],
                "code": {
                    "coding": [
                        {
                            "system": "http://terminology.kemkes.go.id/CodeSystem/clinical-term",
                            "code": "OC000141",
                            "display": "Ada kelainan bawaan"
                        }
                    ]
                },
                "subject": {
                    "reference": "Patient/P02029385622",
                    "display": "An. Ny. Smith"
                },
                "encounter": {
                    "reference": "urn:uuid:7bb41878-3078-4e22-84b5-58b7a7b5d4dd"
                },
                "effectiveDateTime": "2023-10-31T01:00:00+00:00",
                "issued": "2023-10-31T01:00:00+00:00",
                "performer": [
                    {
                        "reference": "Practitioner/N10000001"
                    }
                ],
                "valueBoolean": false
            },
            "request": {
                "method": "POST",
                "url": "Observation"
            }
        },
        {
            "fullUrl": "urn:uuid:6a509459-110e-4490-aed2-0c4712283529",
            "resource": {
                "resourceType": "Observation",
                "status": "final",
                "category": [
                    {
                        "coding": [
                            {
                                "system": "http://terminology.hl7.org/CodeSystem/observation-category",
                                "code": "exam",
                                "display": "Exam"
                            }
                        ]
                    }
                ],
                "code": {
                    "coding": [
                        {
                            "system": "http://terminology.kemkes.go.id/CodeSystem/clinical-term",
                            "code": "OC000142",
                            "display": "Wajah mongoloid"
                        }
                    ]
                },
                "subject": {
                    "reference": "Patient/P02029385622",
                    "display": "An. Ny. Smith"
                },
                "encounter": {
                    "reference": "urn:uuid:7bb41878-3078-4e22-84b5-58b7a7b5d4dd"
                },
                "effectiveDateTime": "2023-10-31T01:00:00+00:00",
                "issued": "2023-10-31T01:00:00+00:00",
                "performer": [
                    {
                        "reference": "Practitioner/N10000001"
                    }
                ],
                "valueBoolean": false
            },
            "request": {
                "method": "POST",
                "url": "Observation"
            }
        },
        {
            "fullUrl": "urn:uuid:f218f4cd-785e-4bb3-b568-930b9703a248",
            "resource": {
                "resourceType": "Observation",
                "status": "final",
                "category": [
                    {
                        "coding": [
                            {
                                "system": "http://terminology.hl7.org/CodeSystem/observation-category",
                                "code": "exam",
                                "display": "Exam"
                            }
                        ]
                    }
                ],
                "code": {
                    "coding": [
                        {
                            "system": "http://snomed.info/sct",
                            "code": "275142008",
                            "display": "Sick child"
                        }
                    ]
                },
                "subject": {
                    "reference": "Patient/P02029385622",
                    "display": "An. Ny. Smith"
                },
                "encounter": {
                    "reference": "urn:uuid:7bb41878-3078-4e22-84b5-58b7a7b5d4dd"
                },
                "effectiveDateTime": "2023-10-31T01:00:00+00:00",
                "issued": "2023-10-31T01:00:00+00:00",
                "performer": [
                    {
                        "reference": "Practitioner/N10000001"
                    }
                ],
                "valueBoolean": false
            },
            "request": {
                "method": "POST",
                "url": "Observation"
            }
        },
        {
            "fullUrl": "urn:uuid:fd790b4e-ce7c-4450-a371-0c0fd0fd1ca1",
            "resource": {
                "resourceType": "Observation",
                "status": "final",
                "category": [
                    {
                        "coding": [
                            {
                                "system": "http://terminology.hl7.org/CodeSystem/observation-category",
                                "code": "exam",
                                "display": "Exam"
                            }
                        ]
                    }
                ],
                "code": {
                    "coding": [
                        {
                            "system": "http://snomed.info/sct",
                            "code": "129019007",
                            "display": "Taking medication"
                        }
                    ]
                },
                "subject": {
                    "reference": "Patient/P02029385622",
                    "display": "An. Ny. Smith"
                },
                "encounter": {
                    "reference": "urn:uuid:7bb41878-3078-4e22-84b5-58b7a7b5d4dd"
                },
                "effectiveDateTime": "2023-10-31T01:00:00+00:00",
                "issued": "2023-10-31T01:00:00+00:00",
                "performer": [
                    {
                        "reference": "Practitioner/N10000001"
                    }
                ],
                "valueBoolean": false
            },
            "request": {
                "method": "POST",
                "url": "Observation"
            }
        },
        {
            "fullUrl": "urn:uuid:f6b4c890-81c7-4c7e-a338-16700d044e46",
            "resource": {
                "resourceType": "Observation",
                "status": "final",
                "category": [
                    {
                        "coding": [
                            {
                                "system": "http://terminology.hl7.org/CodeSystem/observation-category",
                                "code": "exam",
                                "display": "Exam"
                            }
                        ]
                    }
                ],
                "code": {
                    "coding": [
                        {
                            "system": "http://terminology.kemkes.go.id/CodeSystem/clinical-term",
                            "code": "OC000145",
                            "display": "Urutan Pengiriman Sampel"
                        }
                    ]
                },
                "subject": {
                    "reference": "Patient/P02029385622",
                    "display": "An. Ny. Smith"
                },
                "encounter": {
                    "reference": "urn:uuid:7bb41878-3078-4e22-84b5-58b7a7b5d4dd"
                },
                "effectiveDateTime": "2023-10-31T01:00:00+00:00",
                "issued": "2023-10-31T01:00:00+00:00",
                "performer": [
                    {
                        "reference": "Practitioner/N10000001"
                    }
                ],
                "valueInteger": 1,
                "specimen": {
                    "reference": "urn:uuid:e22f70c7-a7c9-407b-8d99-6a307c2f2e8c"
                }
            },
            "request": {
                "method": "POST",
                "url": "Observation"
            }
        }
    ]
}