{
    "resourceType": "Bundle",
    "type": "transaction",
    "entry": [
        {
            "fullUrl": "urn:uuid:ef8147d1-7cfd-4712-904b-8eab729434d0",
            "resource": {
                "resourceType": "Encounter",
                "identifier": [
                    {
                        "system": "http://sys-ids.kemkes.go.id/encounter/10083042",
                        "value": "P2024002123"
                    }
                ],
                "status": "finished",
                "class": {
                    "system": "http://terminology.hl7.org/CodeSystem/v3-ActCode",
                    "code": "AMB",
                    "display": "ambulatory"
                },
                "subject": {
                    "reference": "Patient/P02029385622",
                    "display": "By. John Smith"
                },
                "participant": [
                    {
                        "type": [
                            {
                                "coding": [
                                    {
                                        "system": "http://terminology.hl7.org/CodeSystem/v3-ParticipationType",
                                        "code": "ATND",
                                        "display": "attender"
                                    }
                                ]
                            }
                        ],
                        "individual": {
                            "reference": "Practitioner/N10000001",
                            "display": "Dokter Bronsig"
                        }
                    }
                ],
                "period": {
                    "start": "2023-08-31T07:00:00+00:00",
                    "end": "2023-08-31T09:00:00+00:00"
                },
                "location": [
                    {
                        "location": {
                            "reference": "Location/6e2536d0-416f-43f2-b714-02ca66f11507",
                            "display": "Ruang PONED A, Departemen KIA"
                        }
                    }
                ],
                "statusHistory": [
                    {
                        "status": "arrived",
                        "period": {
                            "start": "2023-08-31T07:00:00+00:00",
                            "end": "2023-08-31T08:00:00+00:00"
                        }
                    },
                    {
                        "status": "in-progress",
                        "period": {
                            "start": "2023-08-31T08:00:00+00:00",
                            "end": "2023-08-31T09:00:00+00:00"
                        }
                    },
                    {
                        "status": "finished",
                        "period": {
                            "start": "2023-08-31T09:00:00+00:00",
                            "end": "2023-08-31T09:00:00+00:00"
                        }
                    }
                ],
                "serviceProvider": {
                    "reference": "Organization/10083042"
                }
            },
            "request": {
                "method": "POST",
                "url": "Encounter"
            }
        },
        {
            "fullUrl": "urn:uuid:db9ca3a7-b194-4561-b42b-1fa6c30931d4",
            "resource": {
                "resourceType": "ServiceRequest",
                "identifier": [
                    {
                        "system": "http://sys-ids.kemkes.go.id/servicerequest/10083042",
                        "value": "000012345"
                    }
                ],
                "status": "active",
                "intent": "original-order",
                "priority": "routine",
                "category": [
                    {
                        "coding": [
                            {
                                "system": "http://snomed.info/sct",
                                "code": "108252007",
                                "display": "Laboratory procedure"
                            }
                        ]
                    },
                    {
                        "coding": [
                            {
                                "system": "http://snomed.info/sct",
                                "code": "3457005",
                                "display": "Patient referral"
                            }
                        ]
                    }
                ],
                "code": {
                    "coding": [
                        {
                            "system": "http://loinc.org",
                            "code": "29575-8",
                            "display": "Thyrotropin [Units/volume] in DBS"
                        }
                    ],
                    "text": "Pemeriksaan Skrining Thyroid Stimulating Hormone (TSH)"
                },
                "subject": {
                    "reference": "Patient/P02029385622"
                },
                "encounter": {
                    "reference": "urn:uuid:ef8147d1-7cfd-4712-904b-8eab729434d0",
                    "display": "Pemeriksaan Skrining Thyroid Stimulating Hormone (TSH) Total Kamis, 31 Agustus 2023 pukul 09:30 WIB"
                },
                "specimen": [
                    {
                        "reference": "urn:uuid:52b45659-8bc8-44c1-bb0c-78a3be0d5881"
                    }
                ],
                "contained": [
                    {
                        "resourceType": "Patient",
                        "id": "P02029385622",
                        "identifier": [
                            {
                                "system": "https://fhir.kemkes.go.id/id/ihs-number",
                                "use": "official",
                                "value": "P02029385622"
                            }
                        ],
                        "active": true,
                        "name": [
                            {
                                "use": "official",
                                "text": "John Smith"
                            }
                        ],
                        "gender": "male",
                        "birthDate": "2023-11-28",
                        "multipleBirthInteger" : 0
                    },
                    {
                        "resourceType": "RelatedPerson",
                        "id": "P02029381697",
                        "identifier": [
                            {
                                "system": "https://fhir.kemkes.go.id/id/ihs-number",
                                "use": "official",
                                "value": "P02029381697"
                            }
                        ],
                        "active": true,
                        "name": [
                            {
                                "use": "official",
                                "text": "SRI SARTIKA DEWI"
                            }
                        ],
                        "relationship": [
                            {
                                "coding": [
                                    {
                                        "system": "http://terminology.hl7.org/CodeSystem/v3-RoleCode",
                                        "code": "MTH",
                                        "display": "mother"
                                    }
                                ]
                            }
                        ],
                        "gender": "female",
                        "birthDate": "1996-07-06"
                    },
                    {
                        "resourceType": "RelatedPerson",
                        "id": "100000030009",
                        "identifier": [
                            {
                                "system": "https://fhir.kemkes.go.id/id/ihs-number",
                                "use": "official",
                                "value": "100000030009"
                            }
                        ],
                        "active": true,
                        "name": [
                            {
                                "use": "official",
                                "text": "Budi Santoso"
                            }
                        ],
                        "relationship": [
                            {
                                "coding": [
                                    {
                                        "system": "http://terminology.hl7.org/CodeSystem/v3-RoleCode",
                                        "code": "FTH",
                                        "display": "Father"
                                    }
                                ]
                            }
                        ],
                        "gender": "male",
                        "birthDate": "1944-11-17"
                    }
                ],
                "supportingInfo": [
                    {
                        "reference": "urn:uuid:346d527a-ba37-40fb-a7a6-e28eb7144a58"
                    },
                    {
                        "reference": "urn:uuid:c21103aa-d75c-4f60-99f2-4ebebe8ab52c"
                    }
                ],
                "occurrenceDateTime": "2023-08-31T02:30:27+00:00",
                "authoredOn": "2023-08-31T05:30:27+00:00",
                "requester": {
                    "reference": "Organization/10083042",
                    "display": "Puskesmas Bagelen"
                },
                "performer": [
                    {
                        "reference": "Organization/10000004",
                        "display": "IHS Hospital"
                    }
                ],
                "reasonCode": [
                    {
                        "text": "Suspek Hipotiroid Kongenital"
                    }
                ]
            },
            "request": {
                "method": "POST",
                "url": "ServiceRequest"
            }
        },
        {
            "fullUrl": "urn:uuid:52b45659-8bc8-44c1-bb0c-78a3be0d5881",
            "resource": {
                "resourceType": "Specimen",
                "identifier": [
                    {
                        "system": "http://sys-ids.kemkes.go.id/specimen/10083042",
                        "value": "000010",
                        "assigner": {
                            "reference": "Organization/10083042"
                        }
                    }
                ],
                "status": "available",
                "type": {
                    "coding": [
                        {
                            "system": "http://snomed.info/sct",
                            "code": "119294007",
                            "display": "Dried blood specimen"
                        }
                    ]
                },
                "collection": {
                    "collectedDateTime": "2023-08-31T01:15:00+00:00",
                    "extension": [
                        {
                            "url": "https://fhir.kemkes.go.id/r4/StructureDefinition/ServiceClass",
                            "valueReference": {
                                "reference": "Organization/10083042"
                            }
                        }
                    ]
                },
                "subject": {
                    "reference": "Patient/P02029385622",
                    "display": "An. Ny. Smith"
                },
                "request": [
                    {
                        "reference": "urn:uuid:db9ca3a7-b194-4561-b42b-1fa6c30931d4"
                    }
                ],
                "extension": [
                    {
                        "url": "https://fhir.kemkes.go.id/r4/StructureDefinition/TransportedTime",
                        "valueDateTime": "2023-08-31T01:23:00+00:00"
                    },
                    {
                        "url": "https://fhir.kemkes.go.id/r4/StructureDefinition/TrasnsportedPerson",
                        "valueContactDetail": {
                            "name": "Gojek",
                            "telecom": [
                                {
                                    "system": "phone",
                                    "value": "123-456-7890"
                                }
                            ]
                        }
                    },
                    {
                        "url": "https://fhir.kemkes.go.id/r4/StructureDefinition/ReceivedPerson",
                        "valueReference": {
                            "reference": "Practitioner/N10000001",
                            "display": "Dokter Bronsig"
                        }
                    }
                ]
            },
            "request": {
                "method": "POST",
                "url": "Specimen"
            }
        },
        {
            "fullUrl": "urn:uuid:346d527a-ba37-40fb-a7a6-e28eb7144a58",
            "resource": {
                "resourceType": "Observation",
                "status": "final",
                "category": [
                    {
                        "coding": [
                            {
                                "system": "http://terminology.hl7.org/CodeSystem/observation-category",
                                "code": "survey",
                                "display": "Survey"
                            }
                        ]
                    }
                ],
                "code": {
                    "coding": [
                        {
                            "system": "http://loinc.org",
                            "code": "8339-4",
                            "display": "Birth weight Measured"
                        }
                    ]
                },
                "subject": {
                    "reference": "Patient/P02029385622",
                    "display": "An. Ny. Smith"
                },
                "encounter": {
                    "reference": "urn:uuid:ef8147d1-7cfd-4712-904b-8eab729434d0"
                },
                "effectiveDateTime": "2023-10-31T01:00:00+00:00",
                "issued": "2023-10-31T01:00:00+00:00",
                "performer": [
                    {
                        "reference": "Practitioner/N10000001"
                    }
                ],
                "valueQuantity": {
                    "value": 4510,
                    "unit": "g",
                    "system": "http://unitsofmeasure.org",
                    "code": "g"
                }
            },
            "request": {
                "method": "POST",
                "url": "Observation"
            }
        },
        {
            "fullUrl": "urn:uuid:c21103aa-d75c-4f60-99f2-4ebebe8ab52c",
            "resource": {
                "resourceType": "Observation",
                "status": "final",
                "category": [
                    {
                        "coding": [
                            {
                                "system": "http://terminology.hl7.org/CodeSystem/observation-category",
                                "code": "survey",
                                "display": "Survey"
                            }
                        ]
                    }
                ],
                "code": {
                    "coding": [
                        {
                            "system": "http://loinc.org",
                            "code": "76516-4",
                            "display": "Gestational age--at birth"
                        }
                    ]
                },
                "subject": {
                    "reference": "Patient/P02029385622",
                    "display": "An. Ny. Smith"
                },
                "encounter": {
                    "reference": "urn:uuid:ef8147d1-7cfd-4712-904b-8eab729434d0"
                },
                "effectiveDateTime": "2023-10-31T01:00:00+00:00",
                "issued": "2023-10-31T01:00:00+00:00",
                "performer": [
                    {
                        "reference": "Practitioner/N10000001"
                    }
                ],
                "valueQuantity": {
                    "value": 35,
                    "unit": "wk",
                    "system": "http://unitsofmeasure.org",
                    "code": "wk"
                }
            },
            "request": {
                "method": "POST",
                "url": "Observation"
            }
        }
    ]
}