{
  "resourceType": "Observation",
  "identifier": [
      {
          "system": "http://sys-ids.kemkes.go.id/Observation/{{Org_id}}",
          "value": "202403A0003679"
      }
  ],
  "status": "final",
  "category": [
      {
          "coding": [
              {
                  "system": "http://terminology.hl7.org/CodeSystem/observation-category",
                  "code": "exam",
                  "display": "exam"
              }
          ]
      }
  ],
  "code": {
      "coding": [
          {
              "system": "http://terminology.kemkes.go.id/CodeSystem/clinical-term",
              "code": "OC000088",
              "display": "Pemeriksaan tanda bahaya umum"
          }
      ]
  },
  "subject": {
      "reference": "Patient/{{Patient_Id}}",
      "display": "{{Patient_Name}}"
  },
  "encounter": {
      "reference": "Encounter/{{Encounter_uuid}}",
      "display": "Kunjungan {{Patient_Name}} pada tanggal 02 Sep 2023"
  },
  "effectiveDateTime": "2023-09-02T00:01:00+00:00",
  "issued": "2023-09-02T00:01:00+00:00",
  "performer": [
      {
          "reference": "Practitioner/{{Practitioner_Id}}",
          "display": "{{Practitioner_Name}}"
      }
  ],
  "valueCodeableConcept": {
      "coding": [
          {
              "system": "http://terminology.kemkes.go.id/CodeSystem/clinical-term",
              "code": "OV000206",
              "display": "Anak tidak bisa minum atau menyusu"
          }
      ]
  }
}