{{
    "resourceType": "AllergyIntolerance",
    "identifier": [
        {{
            "system": "http://sys-ids.kemkes.go.id/allergy/{Org_id}",
            "use": "official",
            "value": "{Allergy_MRID}"
        }}
    ],
    "clinicalStatus": {{
        "coding": [
            {{
                "system": "{AllergyClinStatus_System}",
                "code": "{AllergyClinStatus_Code}",
                "display": "{AllergyClinStatus_Display}"
            }}
        ]
    }},
    "verificationStatus": {{
        "coding": [
            {{
                "system": "{AllergyVerStatus_System}",
                "code": "{AllergyVerStatus_Code}",
                "display": "{AllergyVerStatus_Display}"
            }}
        ]
    }},
    "category": [
        "{Allergy_Category}"
    ],
    "code": {{
        "coding": [
            {{
                "system": "{AllergyCode_System}",
                "code": "{AllergyCode_Code}",
                "display": "{AllergyCode_Display}"
            }}
        ],
        "text": "{AllergyCode_String}"
    }},
    "patient": {{
        "reference": "Patient/{Patient_Id}",
        "display": "{Patient_Name}"
    }},
    "encounter": {{
        "reference": "Encounter/{Encounter_uuid}",
        "display": "{Encounter_Display}"
    }},
    "recordedDate": "{DateTime}+00:00",
    "recorder": {{
        "reference": "Practitioner/{Practitioner_Id}",
        "display": "{Practitioner_Name}"
    }}
}}