{
    "resourceType": "Location",
    "identifier": [
        {
            "system": "http://sys-ids.kemkes.go.id/location/{{Org_id}}",
            "value": "SS-UKP-FAR-ROOM"
        }
    ],
    "status": "active",
    "name": "Ruang Apotek",
    "description": "Ruang Apotek",
    "mode": "instance",
    "telecom": [
        {
            "system": "phone",
            "value": "+621500567",
            "use": "work"
        },
        {
            "system": "email",
            "value": "pkm-satusehat@dto.kemkes.go.id",
            "use": "work"
        },
        {
            "system": "url",
            "value": "dto.kemkes.go.id",
            "use": "work"
        }
    ],
    "physicalType": {
        "coding": [
            {
                "system": "http://terminology.hl7.org/CodeSystem/location-physical-type",
                "code": "ro",
                "display": "Room"
            }
        ]
    },
    "position": {
        "longitude": -6.23115426275766,
        "latitude": 106.83239885393944,
        "altitude": 0
    },
    "managingOrganization": {
        "reference": "Organization/{{Org_Poli}}"
    }
}