{
    "resourceType": "Organization",
    "active": true,
    "identifier": [
        {
            "use": "official",
            "system": "http://sys-ids.kemkes.go.id/organization/{{Org_id}}",
            "value": "SS-UKP-POLI"
        }
    ],
    "type": [
        {
            "coding": [
                {
                    "system": "http://terminology.hl7.org/CodeSystem/organization-type",
                    "code": "team",
                    "display": "Organizational team"
                }
            ]
        }
    ],
    "name": "Koord Poli Umum",
    "telecom": [
        {
            "system": "phone",
            "value": "+621500567",
            "use": "work"
        },
        {
            "system": "email",
            "value": "pkm-satusehat@dto.kemkes.go.id",
            "use": "work"
        },
        {
            "system": "url",
            "value": "dto.kemkes.go.id",
            "use": "work"
        }
    ],
    "address": [
        {
            "use": "work",
            "type": "both",
            "line": [
                "Gd. Prof. Dr. Sujudi Lt.5, Jl. H.R. Rasuna Said Blok X5 Kav. 4-9 Kuningan"
            ],
            "city": "Jakarta",
            "postalCode": "12950",
            "country": "ID",
            "extension": [
                {
                    "url": "https://fhir.kemkes.go.id/r4/StructureDefinition/administrativeCode",
                    "extension": [
                        {
                            "url": "province",
                            "valueCode": "10"
                        },
                        {
                            "url": "city",
                            "valueCode": "1010"
                        },
                        {
                            "url": "district",
                            "valueCode": "1010101"
                        },
                        {
                            "url": "village",
                            "valueCode": "1010101101"
                        }
                    ]
                }
            ]
        }
    ],
    "partOf": {
        "reference": "Organization/{{Suborg_uuid}}",
        "display": "UKP, Kefarmasian, Laboratorium"
    }
}