{
    "resourceType": "Procedure",
    "status": "completed",
    "category": {
        "coding": [
            {
                "system": "http://snomed.info/sct",
                "code": "409073007",
                "display": "Education"
            }
        ]
    },
    "code": {
        "coding": [
            {
                "system": "http://snomed.info/sct",
                "code": "61310001",
                "display": "Nutrition education"
            }
        ]
    },
    "subject": {
        "reference": "Patient/{{Patient_Id}}",
        "display": "{{Patient_Name}}"
    },
    "encounter": {
        "reference": "Encounter/{{Encounter_uuid}}"
    },
    "performedPeriod": {
        "start": "2023-08-31T03:30:00+00:00",
        "end": "2023-08-31T03:40:00+00:00"
    },
    "performer": [
        {
            "actor": {
                "reference": "Practitioner/{{Practitioner_Id}}",
                "display": "{{Practitioner_Name}}"
            }
        }
    ]
}