{
    "resourceType": "Observation",
    "status": "final",
    "category": [
        {
            "coding": [
                {
                    "system": "http://terminology.hl7.org/CodeSystem/observation-category",
                    "code": "imaging",
                    "display": "Imaging"
                }
            ]
        }
    ],
    "code": {
        "coding": [
            {
                "system": "http://loinc.org",
                "code": "24648-8",
                "display": "XR Chest PA upr"
            }
        ]
    },
    "subject": {
        "reference": "Patient/{{Patient_Id}}",
        "display": "{{Patient_Name}}"
    },
    "encounter": {
        "reference": "Encounter/{{Encounter_uuid}}"
    },
    "effectiveDateTime": "2023-08-31T02:35:00+00:00",
    "issued": "2023-08-31T02:35:00+00:00",
    "performer": [
        {
            "reference": "Practitioner/10012572188",
            "display": "Dokter Radiologist"
        }
    ],
    "valueString": "Left upper and middle lung zones show reticulonodular opacities.\nThe left apical lung zone shows a cavitary lesion( active TB).\nLeft apical pleural thickening\nMild mediastinum widening is noted\nNormal heart size.\nFree costophrenic angles.",
    "basedOn": [
        {
            "reference": "ServiceRequest/{{ServiceRequest_Rad}}"
        }
    ]
}