{
    "resourceType": "Observation",
    "status": "final",
    "category": [
        {
            "coding": [
                {
                    "system": "http://terminology.hl7.org/CodeSystem/observation-category",
                    "code": "exam",
                    "display": "Exam"
                }
            ]
        }
    ],
    "code": {
        "coding": [
            {
                "system": "http://loinc.org",
                "code": "56867-5",
                "display": "Physical findings of Throat Narrative"
            }
        ]
    },
    "subject": {
        "reference": "Patient/{{Patient_Id}}",
        "display": "{{Patient_Name}}"
    },
    "encounter": {
        "reference": "Encounter/{{Encounter_uuid}}"
    },
    "effectiveDateTime": "2023-08-31T01:10:00+00:00",
    "issued": "2023-08-31T01:10:00+00:00",
    "performer": [
        {
            "reference": "Practitioner/{{Practitioner_Id}}",
            "display": "{{Practitioner_Name}}"
        }
    ],
    "valueString": "Tidak ada kripta, tidak ada tanda inflamasi"
}