{
    "resourceType": "Condition",
    "clinicalStatus": {
        "coding": [
            {
                "system": "http://terminology.hl7.org/CodeSystem/condition-clinical",
                "code": "active",
                "display": "Active"
            }
        ]
    },
    "category": [
        {
            "coding": [
                {
                    "system": "http://terminology.hl7.org/CodeSystem/condition-category",
                    "code": "problem-list-item",
                    "display": "Problem List Item"
                }
            ]
        }
    ],
    "code": {
        "coding": [
            {
                "system": "http://snomed.info/sct",
                "code": "16932000",
                "display": "Batuk darah"
            }
        ]
    },
    "subject": {
        "reference": "Patient/{{Patient_Id}}",
        "display": "{{Patient_Name}}"
    },
    "encounter": {
        "reference": "Encounter/{{Encounter_uuid}}"
    },
    "onsetDateTime": "2023-02-02T00:00:00+00:00",
    "recordedDate": "2023-08-31T01:00:00+00:00",
    "recorder": {
        "reference": "Practitioner/{{Practitioner_Id}}",
        "display": "{{Practitioner_Name}}"
    },
    "note": [
        {
            "text": "Batuk Berdarah sejak 3bl yll"
        }
    ]
}