{
    "resourceType": "DiagnosticReport",
    "identifier": [
        {
            "system": "http://sys-ids.kemkes.go.id/diagnostic/{{Org_id}}/lab",
            "use": "official",
            "value": "5234342"
        }
    ],
    "status": "final",
    "category": [
        {
            "coding": [
                {
                    "system": "http://terminology.hl7.org/CodeSystem/v2-0074",
                    "code": "CP",
                    "display": "Cytopathology"
                }
            ]
        }
    ],
    "code": {
        "coding": [
            {
                "system": "http://loinc.org",
                "code": "19766-5",
                "display": "Microscopic observation [Identifier] in Cervical or vaginal smear or scraping by Cyto stain Narrative"
            }
        ]
    },
    "subject": {
        "reference": "Patient/{{Patient_Id}}"
    },
    "encounter": {
        "reference": "Encounter/{{Encounter_uuid}}"
    },
    "effectiveDateTime": "2023-08-31T15:25:00+00:00",
    "issued": "2023-08-31T15:25:00+00:00",
    "performer": [
        {
            "reference": "Practitioner/{{Practitioner_Id}}"
        },
        {
            "reference": "Organization/{{Org_id}}"
        }
    ],
    "result": [
        {
            "reference": "Observation/{{Observation_Naratif}}"
        }
    ],
    "specimen": [
        {
            "reference": "Specimen/{{Specimen_Naratif}}"
        }
    ],
    "basedOn": [
        {
            "reference": "ServiceRequest/{{ServiceRequest_Naratif}}"
        }
    ],
    "conclusion": "Tidak ditemukan sel-sel abnormal"
}