{
    "resourceType": "Observation",
    "identifier": [
        {
            "system": "http://sys-ids.kemkes.go.id/observation/{{Org_id}}",
            "value": "O111111"
        }
    ],
    "status": "final",
    "category": [
        {
            "coding": [
                {
                    "system": "http://terminology.hl7.org/CodeSystem/observation-category",
                    "code": "laboratory",
                    "display": "Laboratory"
                }
            ]
        }
    ],
    "code": {
        "coding": [
            {
                "system": "http://loinc.org",
                "code": "19766-5",
                "display": "Microscopic observation [Identifier] in Cervical or vaginal smear or scraping by Cyto stain Narrative"
            }
        ]
    },
    "subject": {
        "reference": "Patient/{{Patient_Id}}"
    },
    "encounter": {
        "reference": "Encounter/{{Encounter_uuid}}"
    },
    "effectiveDateTime": "2023-08-31T15:25:00+00:00",
    "issued": "2023-08-31T15:25:00+00:00",
    "performer": [
        {
            "reference": "Practitioner/{{Practitioner_Id}}"
        },
        {
            "reference": "Organization/{{Org_id}}"
        }
    ],
    "specimen": {
        "reference": "Specimen/{{Specimen_Naratif}}"
    },
    "basedOn": [
        {
            "reference": "ServiceRequest/{{ServiceRequest_Naratif}}"
        }
    ],
    "valueString": "Sediaan apus terdiri atas sel-sel epitel skuamosa normal, sel-sel metaplastik dan leukosit"
}