{
    "resourceType": "MedicationDispense",
    "identifier": [
        {
            "system": "http://sys-ids.kemkes.go.id/prescription/{{Org_id}}",
            "use": "official",
            "value": "123456788"
        },
        {
            "system": "http://sys-ids.kemkes.go.id/prescription-item/{{Org_id}}",
            "use": "official",
            "value": "123456788-1"
        }
    ],
    "status": "completed",
    "category": {
        "coding": [
            {
                "system": "http://terminology.hl7.org/fhir/CodeSystem/medicationdispense-category",
                "code": "outpatient",
                "display": "Outpatient"
            }
        ]
    },
    "medicationReference": {
        "reference": "Medication/{{Medication_3b02_ForDispense}}",
        "display": "{{Medication_3b02_ForDispense_Name}}"
    },
    "subject": {
        "reference": "Patient/{{Patient_Id}}",
        "display": "{{Patient_Name}}"
    },
    "context": {
        "reference": "Encounter/{{Encounter_uuid}}"
    },
    "performer": [
        {
            "actor": {
                "reference": "Practitioner/N10000003",
                "display": "Apoteker Miller"
            }
        }
    ],
    "location": {
        "reference": "Location/{{Location_farmasi_uuid}}",
        "display": "{{Location_farmasi_Name}}"
    },
    "authorizingPrescription": [
        {
            "reference": "MedicationRequest/{{Medication_3b02_Request}}"
        }
    ],
    "quantity": {
        "value": 1,
        "system": "http://snomed.info/sct",
        "unit": "Tube - unit of product usage",
        "code": "418530008"
    },
    "whenPrepared": "2023-08-31T03:27:00+00:00",
    "whenHandedOver": "2023-08-31T03:27:00+00:00",
    "dosageInstruction": [
        {
            "sequence": 1,
            "additionalInstruction": [
                {
                    "coding": [
                        {
                            "system": "http://snomed.info/sct",
                            "code": "421769005",
                            "display": "Follow directions"
                        }
                    ]
                }
            ],
            "patientInstruction": "Digunakan diseluruh tubuh. Setelah 10 jam, krim permetrin dibersihkan dengan sabun",
            "timing": {
                "repeat": {
                    "count": 1,
                    "when": [
                        "EVE"
                    ]
                }
            },
            "doseAndRate": [
                {
                    "type": {
                        "coding": [
                            {
                                "system": "http://terminology.hl7.org/CodeSystem/dose-rate-type",
                                "code": "ordered",
                                "display": "Ordered"
                            }
                        ]
                    },
                    "doseQuantity": {
                        "value": 1,
                        "unit": "OINT",
                        "system": "http://terminology.hl7.org/CodeSystem/v3-orderableDrugForm",
                        "code": "OINT"
                    }
                }
            ]
        }
    ]
}