{
    "resourceType": "Medication",
    "meta": {
        "profile": [
            "https://fhir.kemkes.go.id/r4/StructureDefinition/Medication"
        ]
    },
    "identifier": [
        {
            "system": "http://sys-ids.kemkes.go.id/medication/{{Org_id}}",
            "use": "official",
            "value": "123456780"
        }
    ],
    "code": {
        "coding": [
            {
                "system": "http://sys-ids.kemkes.go.id/kfa",
                "code": "93006729",
                "display": "Permethrin 5% Krim (NUSCAB, 30 g)"
            }
        ]
    },
    "status": "active",
    "form": {
        "coding": [
            {
                "system": "http://terminology.kemkes.go.id/CodeSystem/medication-form",
                "code": "BS030",
                "display": "Krim"
            }
        ]
    },
    "ingredient": [
        {
            "itemCodeableConcept": {
                "coding": [
                    {
                        "system": "http://sys-ids.kemkes.go.id/kfa",
                        "code": "91000325",
                        "display": "Permethrin"
                    }
                ]
            },
            "isActive": true,
            "strength": {
                "numerator": {
                    "value": 50,
                    "system": "http://unitsofmeasure.org",
                    "code": "mg"
                },
                "denominator": {
                    "value": 10,
                    "system": "http://unitsofmeasure.org",
                    "code": "g"
                }
            }
        }
    ],
    "extension": [
        {
            "url": "https://fhir.kemkes.go.id/r4/StructureDefinition/MedicationType",
            "valueCodeableConcept": {
                "coding": [
                    {
                        "system": "http://terminology.kemkes.go.id/CodeSystem/medication-type",
                        "code": "SD",
                        "display": "Gives of such doses"
                    }
                ]
            }
        }
    ]
}