{
    "resourceType": "MedicationRequest",
    "identifier": [
        {
            "system": "http://sys-ids.kemkes.go.id/prescription/{{Org_id}}",
            "use": "official",
            "value": "123456788"
        },
        {
            "system": "http://sys-ids.kemkes.go.id/prescription-item/{{Org_id}}",
            "use": "official",
            "value": "123456788-1"
        }
    ],
    "status": "completed",
    "intent": "order",
    "category": [
        {
            "coding": [
                {
                    "system": "http://terminology.hl7.org/CodeSystem/medicationrequest-category",
                    "code": "outpatient",
                    "display": "Outpatient"
                }
            ]
        }
    ],
    "priority": "routine",
    "medicationReference": {
        "reference": "Medication/{{Medication_3b02_ForRequest}}",
        "display": "{{Medication_3b02_ForRequest_Name}}"
    },
    "subject": {
        "reference": "Patient/{{Patient_Id}}",
        "display": "{{Patient_Name}}"
    },
    "encounter": {
        "reference": "Encounter/{{Encounter_uuid}}"
    },
    "authoredOn": "2023-08-31T03:27:00+00:00",
    "requester": {
        "reference": "Practitioner/{{Practitioner_Id}}",
        "display": "{{Practitioner_Name}}"
    },
    "dosageInstruction": [
        {
            "sequence": 1,
            "additionalInstruction": [
                {
                    "coding": [
                        {
                            "system": "http://snomed.info/sct",
                            "code": "421769005",
                            "display": "Follow directions"
                        }
                    ]
                }
            ],
            "patientInstruction": "Digunakan diseluruh tubuh. Setelah 10 jam, krim permetrin dibersihkan dengan sabun",
            "timing": {
                "repeat": {
                    "count": 1,
                    "when": [
                        "EVE"
                    ]
                }
            },
            "route": {
                "coding": [
                    {
                        "system": "http://www.whocc.no/atc",
                        "code": "ointment",
                        "display": "ointment"
                    }
                ]
            },
            "doseAndRate": [
                {
                    "type": {
                        "coding": [
                            {
                                "system": "http://terminology.hl7.org/CodeSystem/dose-rate-type",
                                "code": "ordered",
                                "display": "Ordered"
                            }
                        ]
                    },
                    "doseQuantity": {
                        "value": 1,
                        "unit": "OINT",
                        "system": "http://terminology.hl7.org/CodeSystem/v3-orderableDrugForm",
                        "code": "OINT"
                    }
                }
            ]
        }
    ],
    "dispenseRequest": {
        "dispenseInterval": {
            "value": 1,
            "unit": "days",
            "system": "http://unitsofmeasure.org",
            "code": "d"
        },
        "validityPeriod": {
            "start": "2023-08-31T03:27:00+00:00",
            "end": "2024-07-22T14:27:00+00:00"
        },
        "numberOfRepeatsAllowed": 0,
        "quantity": {
            "value": 1,
            "system": "http://snomed.info/sct",
            "unit": "Tube - unit of product usage",
            "code": "418530008"
        },
        "performer": {
            "reference": "Organization/{{Org_id}}"
        }
    }
}