{
    "resourceType": "Encounter",
    "identifier": [
        {
            "system": "http://sys-ids.kemkes.go.id/encounter/{{Org_id}}",
            "value": "{{Registration_ID}}"
        }
    ],
    "status": "arrived",
    "class": {
        "system": "http://terminology.hl7.org/CodeSystem/v3-ActCode",
        "code": "AMB",
        "display": "ambulatory"
    },
    "subject": {
        "reference": "Patient/{{Patient_Id}}",
        "display": "{{Patient_String}}"
    },
    "participant": [
        {
            "type": [
                {
                    "coding": [
                        {
                            "system": "http://terminology.hl7.org/CodeSystem/v3-ParticipationType",
                            "code": "ATND",
                            "display": "attender"
                        }
                    ]
                }
            ],
            "individual": {
                "reference": "Practitioner/N10000001",
                "display": "Dokter Bronsig"
            }
        }
    ],
    "period": {
        "start": "2022-11-15T00:00:00+00:00"
    },
    "location": [
        {
            "location": {
                "reference": "Location/{{Location_uuid}}",
                "display": "{{Location_String}}"
            },
            "extension": [
                {
                    "url": "https://fhir.kemkes.go.id/r4/StructureDefinition/ServiceClass",
                    "extension": [
                        {
                            "url": "value",
                            "valueCodeableConcept": {
                                "coding": [
                                    {
                                        "system": "http://terminology.kemkes.go.id/CodeSystem/locationServiceClass-Outpatient",
                                        "code": "reguler",
                                        "display": "Kelas Reguler"
                                    }
                                ]
                            }
                        }
                    ]
                }
            ]
        }
    ],
    "statusHistory": [
        {
            "status": "arrived",
            "period": {
                "start": "2023-11-15T00:00:00+00:00"
            }
        }
    ],
    "serviceProvider": {
        "reference": "Organization/{{Org_id}}"
    }
}